"SourceFile","AtlasPage","CellIndex","Row","Column","Width","Height","SHA256","CanonicalVisualSource","ExactDuplicate"
"0.png","1","1","1","1","32","32","AFD670DBF3E7F3DE57209D3AF8092246C352CCAAA54078B3B66F03ADF9363D5F","0.png","False"
"1.png","1","2","1","2","32","32","A57E11D3F6F58C512CB4BDFEB97325643DAF58E4BC5D8A76B15357E53A97491D","1.png","False"
"2.png","1","3","1","3","32","32","971C7FFEFCB7D7DE7DAA57CD4D801C66D8778206A6588C0FC4A7D075921AA86A","2.png","False"
"3.png","1","4","1","4","32","32","40BF1170848DF5B2B32BDFADD87E268D5A0293CAEFA33D029307FE1E1026714F","3.png","False"
"4.png","1","5","1","5","32","32","08EE36C66DC2C191C2755ACC29D63E2A674CDC36575155B3FE74A21A45C6E2CC","4.png","False"
"5.png","1","6","1","6","32","32","1F3180C8D9A047274559CF0F90EC749848DAF760D08D0566C38485906379D824","5.png","False"
"6.png","1","7","1","7","32","32","FEAB447234AD0393598687C9684A3A49FB99ADAE7D53B2444CE1C1B3E3A57B27","6.png","False"
"7.png","1","8","1","8","32","32","C03DD74F8B08ACD66CFF74519B35F6F7345D975ECA9176167E209992855C01A8","7.png","False"
"8.png","1","9","2","1","32","32","A0519303C7975DA5C822E94C7BDFCC77F9C814E02FDE9F9E4102E4B24F84BCAB","8.png","False"
"9.png","1","10","2","2","32","32","C48705C30BC632BA786F0C90FAC35CB55C738F24DD960A10621CC1EF5DEDD322","9.png","False"
"10.png","1","11","2","3","32","32","5CD95708F57217B0123A1D340A7BA09BCF07A339D1C6D0A7E4596F083F7EB9A4","10.png","False"
"11.png","1","12","2","4","32","32","0F270D0B0681998C4266BEA22C63524363212171C9C38854AD67FDEB0CC160F2","11.png","False"
"12.png","1","13","2","5","32","32","0FEDD0DF1FC0D78FBB92015C1C31B03C0E79015EEE562B443357D9266FE2DD8E","12.png","False"
"13.png","1","14","2","6","32","32","358860ED4470B2F855CD18B30BB5DCC23825AF8F77FD1EA18D746F11F85958D3","13.png","False"
"14.png","1","15","2","7","32","32","7661E67B3A4270380071119D77EBA3D1E11A61F933950CA6544E25A636E2702E","14.png","False"
"15.png","1","16","2","8","32","32","E281FC07FBD3CA2FC2D8A5D6613C918B216D087EB878EFB5947EB138A82DED8B","15.png","False"
"16.png","1","17","3","1","32","32","473AB9B19E070668AC36C46B9278C5A8AEBA9E3D12D3D27C463D4B93BF248239","16.png","False"
"17.png","1","18","3","2","32","32","7661E67B3A4270380071119D77EBA3D1E11A61F933950CA6544E25A636E2702E","14.png","True"
"18.png","1","19","3","3","32","32","EE5BA4094C73B8A331922151D69A8F97235D3EA34EE16E09DE68A604492681DE","18.png","False"
"19.png","1","20","3","4","32","32","971C7FFEFCB7D7DE7DAA57CD4D801C66D8778206A6588C0FC4A7D075921AA86A","2.png","True"
"20.png","1","21","3","5","32","32","B2EC6A3F5C572CC736892FA703A0D5B2E3541D641A709A8AAB54ED98A2FF8F49","20.png","False"
"21.png","1","22","3","6","32","32","25B1ED358E3169BF0B222267166BFD2019A983D574A460FE0F3339AAE16F196F","21.png","False"
"22.png","1","23","3","7","32","32","5B3F17CE8C9C445F737ACAEFA6B4590E168C73A580F49C5347F4E8336022FD38","22.png","False"
"22Alt.png","1","24","3","8","32","32","8FAB592976651A062E6BA86C22F89A9A70ECB12C69F5CAC929DB22C64A2732C1","22Alt.png","False"
"23.png","1","25","4","1","32","32","F588313916127CFF1272852240485889EE372C977D7915D9B4467E53DEE3E3AC","23.png","False"
"24.png","1","26","4","2","32","32","6D63049F250DC071AF1275B075B802BF1420D69705EE1DF4115E602085C1EF70","24.png","False"
"25.png","1","27","4","3","32","32","4E9CD61CBE902025C7340CDA309C662CA427827A9CA0F1CF0870C64880C495FE","25.png","False"
"26.png","1","28","4","4","32","32","8900F04E5B6B4B5B9804FFFF7EE4BCA6794D10A0450B0EC1C8A7D3DBB61A170E","26.png","False"
"27.png","1","29","4","5","32","32","E463A1BAE38569E814EC30362D664B31A1C8CDD52013ADD37756CBABF2B0F563","27.png","False"
"28.png","1","30","4","6","32","32","5B6E54743B64561BCEABB986A36FB3EABAF7FFBA6179D7AFF49D116201AD9413","28.png","False"
"29.png","1","31","4","7","32","32","A2507EA28A86B4BD2B4429AEAA5D9FEDCDEDC19A976E83CC253707C315D5CA72","29.png","False"
"30.png","1","32","4","8","32","32","CB37A67861D178DA9147F2E63592362CC11E4C024E9E71DA4F7C0F74FFACE698","30.png","False"
"31.png","1","33","5","1","32","32","7003ABE4F35FAEBE6129F3D238820B4BDCF255DA6AD1C310B256240ACD8F5D81","31.png","False"
"32.png","1","34","5","2","32","32","16025A43960A4F36BE64415216DD60AF40E2BA93C86A7E5A73C3BF7321406AC8","32.png","False"
"33.png","1","35","5","3","32","32","D32930C89CABF24246B2E2CD7515EFA03E285AC3535E6C360648DAE252D4F57F","33.png","False"
"34.png","1","36","5","4","32","32","D178A02E8140B0C8561A0FA6FB9C52E1F996DD6A4A9F91703DF0544CCAD1DF38","34.png","False"
"35.png","1","37","5","5","32","32","D19E55CF3570510D865E737E82D6B6180308F3C73957A42DD0069ACCA454D060","35.png","False"
"36.png","1","38","5","6","32","32","7DD0A99B3FB1F63441A1DB6EB6FB39C539941A87BBF40B7BD348B4F99A727492","36.png","False"
"37.png","1","39","5","7","32","32","BB8DBA20A5F1B17ACD04F95B047E3270DBA043FBD8E858A566DF6C3519D1D0D4","37.png","False"
"38.png","1","40","5","8","32","32","9148A4128EC0F5BC3C9F0190C08D1DE7B574B6681762E71DEAAB03A0189F75E4","38.png","False"
"39.png","1","41","6","1","32","32","DEA4BDE8D20D9AF7165554DD3317500F5E9088AA86A77E357F68B5231DFA8174","39.png","False"
"40.png","1","42","6","2","32","32","A7F225F97990B4D8504AEBEC56AFD8200D3BA1AF8D22A6A05BCE0158E48259D6","40.png","False"
"41.png","1","43","6","3","32","32","FA6F04F9CEBD49825A5AEAEC618A065ED90555A65F33B5255935A500879D8B1F","41.png","False"
"42.png","1","44","6","4","32","32","DA86A9C361CDC2131AC0C7CF88D83CE633AD0E74F4D6C199FE340BB854F20C19","42.png","False"
"43.png","1","45","6","5","32","32","880DD9B369B2FD25C6E7CCEF9FFCA840F4A8946088EE6E5167B5C9F164FC2E6F","43.png","False"
"44.png","1","46","6","6","32","32","D7B948ACEFBF159C8059CC98402D83A5B5E45FF8EE19E7DC75ED2896BF5427DD","44.png","False"
"45.png","1","47","6","7","32","32","714A272963B7F876A5A9354CF16A36FE4675DB3B09EE4A1398467035477B05AF","45.png","False"
"46.png","1","48","6","8","32","32","F439B4D1153B53FBEF934F247424CB1F5D1772C1681936189CEB6AF25D2A7C92","46.png","False"
"47.png","1","49","7","1","32","32","146FAE1A3F98B5665BED150AD072D42028914281105E6019BCD84E8D44F041C2","47.png","False"
"48.png","1","50","7","2","32","32","893712F1B365232C439CC30CE6903E6D17DDC1B3D89779974EEF1E884E123B09","48.png","False"
"49.png","1","51","7","3","32","32","FEE0829163CFF0CBB7607F8C3AF057F72C08F559C9DFCB529D595D80CE750953","49.png","False"
"50.png","1","52","7","4","32","32","6C0C200603D85AD3BFD636DA95F281DD907F0FD95FAAB621A56B550D0EF48E96","50.png","False"
"51.png","1","53","7","5","32","32","FEBA65582583C16D6B814A981B1908BA199F1899378BF684C082FBBFDAE8AE25","51.png","False"
"52.png","1","54","7","6","32","32","CB596E92BC56A42E4C826065CFC3476FD3C94BDE43BE8C72B5709CF89AE4FBB5","52.png","False"
"53.png","1","55","7","7","32","32","3582B19BB7F53A175E1A5B05B29A2BE8B3E30487E1630D96DA9842EF4D1C2386","53.png","False"
"54.png","1","56","7","8","32","32","87DCCFC010CF93716610F0BC328AD47EFDD0E2882A9F1FE74FACC1BF6DBD2D7A","54.png","False"
"55.png","1","57","8","1","32","32","732D78681D0458C3DD3603B71EA8D00427635C810147F6DAC30EB185EF0137D0","55.png","False"
"56.png","1","58","8","2","32","32","800F9DAFC712E8E409C9747CCE31295E0F1179C3115024507ED4F7E03EE18B35","56.png","False"
"57.png","1","59","8","3","32","32","3BB6566735F492FAB793CC4D91FDD01314FEB23DF253552E72F7D32FE8DDB9CA","57.png","False"
"58.png","1","60","8","4","32","32","7157315DAF545591883523C535DE9DCFF2AF70C4E13A35A33539183206BD80DD","58.png","False"
"59.png","1","61","8","5","32","32","2A695E847AA91261CEC886C474A7E7AD3A44519B301F407E2B1700714B5B0710","59.png","False"
"60.png","1","62","8","6","32","32","72B980BB57247A6E646837522CCE6F5A926BA6E2F24C1BDA8895024717B956F6","60.png","False"
"61.png","1","63","8","7","32","32","3BAE12CD20B5756447E4C9DBE41B18C6D87683E896FFF1CA07C41472FB76C7BD","61.png","False"
"62.png","1","64","8","8","32","32","34871B58983D2FC79B3519D5F2E80A48EDBA9FBFD6D7C9DC5236417D660D76FC","62.png","False"
"63.png","2","1","1","1","32","32","D454140328FEAD2A2B33D235800F023C32234934E7B18B273A2FCC9C2CABCA84","63.png","False"
"64.png","2","2","1","2","32","32","5716D9EB95C47754001F595337AEDF3BAADDACE08316F8B3CCCDAF43CF886081","64.png","False"
"65.png","2","3","1","3","32","32","58B0403F2963C0A7825A14875690E7D3B1E3D73D610D29FF15F9EE58EFF41957","65.png","False"
"66.png","2","4","1","4","32","32","4D6068B69E53D207AD47B5F4BD37180E0460998E7A6A428065232DC0E31F8CD2","66.png","False"
"67.png","2","5","1","5","32","32","D1CE7BB597B1A79394A3A0F8593150740A86095F0F8C535AC8B06F5225BAB426","67.png","False"
"68.png","2","6","1","6","32","32","C5CFF6D1ACBFEF7FDB489CA6B8EBAB9BF5C5515B67AFCAC16A29DF3ABEA9B13B","68.png","False"
"69.png","2","7","1","7","32","32","269738E923B2BA34B5C482457B0B2EACEE0DCF9AA8B8A2C7372484C09FBF03C9","69.png","False"
"70.png","2","8","1","8","32","32","9F2DAEC86D8D65037FAEDAB3CD2615329029455D3C045DFF27B1CD7B94972339","70.png","False"
"71.png","2","9","2","1","32","32","70F7410CDE4ABACB0609F57277783200D35C93525B0595E740075C04A02E6FF5","71.png","False"
"72.png","2","10","2","2","32","32","3509DD2F4E2037933CD88212E081B27FFA4B5D67EF5A2ACB75953C72019D4CF7","72.png","False"
"73.png","2","11","2","3","32","32","74AB88D05FAE32721FDE5D84961654C1B23C59B246970EE5C542699D428E2140","73.png","False"
"74.png","2","12","2","4","32","32","DB8F0744A93697D58541B963593E611ABCA1F4601F28EAC4594CA36CE60A5F57","74.png","False"
"75.png","2","13","2","5","32","32","E84C68EAE9AA872C3FDC4117AB2732EA3665FDD5F43C646DC5769E24EC22E6BB","75.png","False"
"76.png","2","14","2","6","32","32","1792775ACE3CDBD3B18E2650A0964860744FFDB3D3A1723CCC37F79F6F7F8427","76.png","False"
"77.png","2","15","2","7","32","32","1792775ACE3CDBD3B18E2650A0964860744FFDB3D3A1723CCC37F79F6F7F8427","76.png","True"
"78.png","2","16","2","8","32","32","903011F63D62039A89944AF692BBD9651DBE963DAAEC57FAA175056F8087BBED","78.png","False"
"79.png","2","17","3","1","32","32","D1776C55D5EC54E9BA760A1D30FD102F1086691AE8C2ECBCFE1CB488382DE46C","79.png","False"
"80.png","2","18","3","2","32","32","06607A2DDF3B7B8F71A54AA715687361742D27F6546A9BA8B3C20A366ADD41AB","80.png","False"
"81.png","2","19","3","3","32","32","FA77CC0A3D241D840D9818675A89ABA78140862C8CA4C152FB7272E687011B2B","81.png","False"
"82.png","2","20","3","4","32","32","D48FE87C66FB98007ADDD8E889FC012F89F0DC82297E0BD83D312B94035DAC00","82.png","False"
"83.png","2","21","3","5","32","32","7641BDF79D265CBC7BC6D279036B385351E3C7595F71A0E5E587FE0F21C624B9","83.png","False"
"84.png","2","22","3","6","32","32","639E7C60E8A4969150E1DD15D151A125ED5990BDCE87F90188DE55A7EFF9FE60","84.png","False"
"85.png","2","23","3","7","32","32","EAABBA76AC8B4293A3528F8C3B14DD83D42EB873BA8180D7109F1FBB242B1D8F","85.png","False"
"86.png","2","24","3","8","32","32","BD9FABC96FBDC325127DDDE61CCBCEE35A7C432DF36608164EECD89F40AEADF0","86.png","False"
"87.png","2","25","4","1","32","32","DFC5C1D7B7036CF3D53DF9D75C9F7D6EBF3D8D38407E9710AE55D8A1D2474083","87.png","False"
"88.png","2","26","4","2","32","32","AC705C3F671EDD47AB8A5988872B24BA4D03544C8614C2832DF33C123C5A1026","88.png","False"
"89.png","2","27","4","3","32","32","F6F289ED7524F582490AD91F5F9FCB0436A2882669E74BA2B6886FFA2A0DF5A1","89.png","False"
"90.png","2","28","4","4","32","32","367D01D60FE0517EFE7F7EC8B2BC30DEE7C2357E4F8BB0E0391AEB9D54C73F67","90.png","False"
"91.png","2","29","4","5","32","32","02AE2B76343ADABE66EB2B5904DBF72E2933D2D41456D415DE8C45ED9426EE40","91.png","False"
"92.png","2","30","4","6","32","32","BDBE827A20EF4A2EAB58735E957C6E97B943280C90AD3E3A1B628A1B617C1D5A","92.png","False"
"93.png","2","31","4","7","32","32","B7091FA78389093B3AF7D7D9218D6B53C77D86FE31583131F2F889962E06B171","93.png","False"
"94.png","2","32","4","8","32","32","DB7A9EE59BEBA866D93EE8F44B04A22793DCCA9244A06540FAEA7903CFE6618A","94.png","False"
"95.png","2","33","5","1","32","32","5F44A938F54B19E2C9EF6194F3080DA4B5CD587EDFDC61B21465C91C0BC86B2A","95.png","False"
"96.png","2","34","5","2","32","32","25376F3FB920D85058473B322266C201E6F0B32641AEB8D70A2708E22AACE36C","96.png","False"
"97.png","2","35","5","3","32","32","B0C462241AEBAF6C01A3D0E7F89D1990A1EF1FCD0E9993148B2F11C46AD19FC6","97.png","False"
"98.png","2","36","5","4","32","32","C6412DBE4B071569DAF5C79B39CA5EAE077FCF63D3EAA4EA8959560398112C47","98.png","False"
"99.png","2","37","5","5","32","32","124BC98816AFA10D9767429782D1BFBBC063F8217BB58AAD94EE7B6A1AB13889","99.png","False"
"100.png","2","38","5","6","32","32","0BFCB745EE46287F449F60E13EB3B99D64C2838CED01D5B0CBCDE45DD8851FD5","100.png","False"
"101.png","2","39","5","7","32","32","877B716C95AA43488074FB031785364AB5B666FA09EA9E05DE3EB85425EADC51","101.png","False"
"102.png","2","40","5","8","32","32","D93CEB611C7CCEF8D975F1AAE12F6635CE4B0215A69020EF16746CAECDABC9C8","102.png","False"
"103.png","2","41","6","1","32","32","69F9A11CE00303E3591DFF2BD90D3980EBECC5C4D7B5CA31B551B1E9DEE7480F","103.png","False"
"104.png","2","42","6","2","32","32","04B6CF47A11D44FE34C5332F5FBA5FCEF7CD7BEC1C71432D8A16670007ADD58A","104.png","False"
"105.png","2","43","6","3","32","32","CFC2277895F47D21910FB6CE3276EA2C2293D10B4DD61184FD3BA16653AC3EC8","105.png","False"
"106.png","2","44","6","4","32","32","5442051B92CC774E62392490535A8135AC70643A1BE72A470ECA95D38919B32A","106.png","False"
"107.png","2","45","6","5","32","32","60EC01E6655672D05BF34C5BCAE777A23F3B50610A0049043B99B38BE84AC195","107.png","False"
"108.png","2","46","6","6","32","32","194D88739DD154E2F0C96FE23C2DE7F95EE60DC43B5AE90A7A945E8A6A64A959","108.png","False"
"109.png","2","47","6","7","32","32","7407013F1D61E7D40C9F634F4BE758ABF8682D660688877E291993E1CC919F85","109.png","False"
"110.png","2","48","6","8","32","32","9E4A39B29E6E7F60A7B5973054AC39FB79FE01F2B7619E976738C0DC9770FDB5","110.png","False"
"111.png","2","49","7","1","32","32","520EC55A76354492D9C824C9054457D46B22760CCC91ECB4E47BD78CD24EC76A","111.png","False"
"112.png","2","50","7","2","32","32","E05E7E1B9413726398432B12E7F6CAFED3440C0808080BA96077B86BF9C77F91","112.png","False"
"113.bmp","2","51","7","3","32","32","395270D0F1559CC93D2E4F669DBCC156B4B74850E2BD8C3D01E48BA07CF7900D","113.bmp","False"
"113.png","2","52","7","4","32","32","395270D0F1559CC93D2E4F669DBCC156B4B74850E2BD8C3D01E48BA07CF7900D","113.bmp","True"
"114.png","2","53","7","5","32","32","6C9D27EF336F97CCE6C7B4197216FC69BB01FDAABFBF8A59925A2E6203945B47","114.png","False"
"115.png","2","54","7","6","32","32","96E1A91CF17D12FA6905D511E18AE2BF1EDBE3ABB529FFA9C298A857C4BF51EF","115.png","False"
"116.png","2","55","7","7","32","32","0D7582EB0DBD078664C05E4B5388A862C8B67B394AA8E55A9CBF4FAA68147FDA","116.png","False"
"117.png","2","56","7","8","32","32","CEF7947E6824F274A98FF7E32A38C38A872F654F50FCC2B422FFAE783531B559","117.png","False"
"118.png","2","57","8","1","32","32","EE8272ABD574CE34F745AB82732C2B550FF3B8483F9403EB31AE25A8303475E2","118.png","False"
"119.png","2","58","8","2","32","32","06607A2DDF3B7B8F71A54AA715687361742D27F6546A9BA8B3C20A366ADD41AB","80.png","True"
"120.png","2","59","8","3","32","32","FA77CC0A3D241D840D9818675A89ABA78140862C8CA4C152FB7272E687011B2B","81.png","True"
"121.png","2","60","8","4","32","32","D48FE87C66FB98007ADDD8E889FC012F89F0DC82297E0BD83D312B94035DAC00","82.png","True"
"122.png","2","61","8","5","32","32","7641BDF79D265CBC7BC6D279036B385351E3C7595F71A0E5E587FE0F21C624B9","83.png","True"
"123.png","2","62","8","6","32","32","639E7C60E8A4969150E1DD15D151A125ED5990BDCE87F90188DE55A7EFF9FE60","84.png","True"
"124.png","2","63","8","7","32","32","EAABBA76AC8B4293A3528F8C3B14DD83D42EB873BA8180D7109F1FBB242B1D8F","85.png","True"
"125.png","2","64","8","8","32","32","BD9FABC96FBDC325127DDDE61CCBCEE35A7C432DF36608164EECD89F40AEADF0","86.png","True"
"126.png","3","1","1","1","32","32","EE2E7CE8148DABFE3D425DCFF50B2BC6AE5EC6C3CF26C19D475A46EA92A249BE","126.png","False"
"127.png","3","2","1","2","32","32","9AFF4DF57F60E84BE6534B7AF3B9A88474AA1FE3063F34BFD3798CA8D74A0355","127.png","False"
"128.png","3","3","1","3","32","32","12B790A762DC14A7503A41FDC2805FAC13E9DCEA8FA4F9B8D4DC22EFF8503F88","128.png","False"
"129.png","3","4","1","4","32","32","D27B1CF109439AD439B426503E1C9D37ABEA50F6F9393A30B52AEBF381AB152D","129.png","False"
"130.png","3","5","1","5","32","32","9C1E2ABA877D005919F0F7AFE3A38AD27F2D96093D1C60CFDF5DB6315784C60A","130.png","False"
"131.png","3","6","1","6","32","32","5E3B599BC6807547BCC6299F51D63A4AE3F57A42B9AC54B5D3FA9A8C3BADB3D1","131.png","False"
"132.png","3","7","1","7","32","32","4530F003625635B7B0055C74602C1CD735FB63E420D9471D54BE9796DE1AF00E","132.png","False"
"133.png","3","8","1","8","32","32","3F6BDD37D0496551C28027B33E1043CE6E126030449DEBC69F5B539539C6A2AC","133.png","False"
"134.png","3","9","2","1","32","32","1B1B6B90E2165A0A2CB96707FE8EB5CB9114DB502A4AC75C6349314A94333505","134.png","False"
"135.png","3","10","2","2","32","32","78756A67525CF55C1BE27E07633603339908C9AA61CD6911F69F02677CC50D6F","135.png","False"
"136.png","3","11","2","3","32","32","20AE55DE3946916105258C112933CC0367BC419D4BFACFB5EA8D9E58B54286B8","136.png","False"
"137.png","3","12","2","4","32","32","340891697A9D7906CDF4F56398E86E3D509C3270E82A16613A215C738938C0DA","137.png","False"
"138.png","3","13","2","5","32","32","E919FB4146DE138D0E7D9EF9B1D030AB8525C9E8263D1B42CCB709D7F2803FCE","138.png","False"
"139.png","3","14","2","6","32","32","4B35C67C877F4D772371CE5322CF21806ECBF9289DE41160C833AA8A984DF5C2","139.png","False"
"140.png","3","15","2","7","32","32","9ABAEE5A9A3F81DE202C9C2D95A2E52A97A4748EE49C0401F9E4F833F7C8D56F","140.png","False"
"141.png","3","16","2","8","32","32","17843D0B54825FE2858C9092B269012FF920F663FFE0799C28A6DB3F6E684006","141.png","False"
"142.png","3","17","3","1","32","32","A8D41901915CD2320690A6532F92BEAA1D863690E7D50C9D98AEB5B9E93B6990","142.png","False"
"143.png","3","18","3","2","32","32","C74BD132415D02276D4D8EE600DD3C356884BA16FC40B7DE45F6CE545BFDCEBE","143.png","False"
"144.png","3","19","3","3","32","32","B5792AF818F0FDAC3E224174080315E90F154C8B4F56097BF0B2FDB4D5C05DE0","144.png","False"
"145.png","3","20","3","4","32","32","52AC99D354C3B51DCE03171EB7401C0FE56A3F97084CFDACFED523B14C26CCB8","145.png","False"
"146.png","3","21","3","5","32","32","21BA0F7303A659FAB0F069A7CD2627CB420AF520B9BE9FFC545C5E6E88F3D063","146.png","False"
"147.png","3","22","3","6","32","32","6C3020DE2C798740F31FAC4D14B0DDF898BC28778122D2C1F979A0E614CF5537","147.png","False"
"148.png","3","23","3","7","32","32","4E774A5A06C2A68AD11096069714A013FD2C048F8BC30B4C59098E9D93715A1B","148.png","False"
"149.png","3","24","3","8","32","32","1031AF9E459C60CA0169FB1DC1E32052047AA841437D6BDE1D2DD3284E50DD47","149.png","False"
"150.png","3","25","4","1","32","32","AA7DAE3763019146578E4C73F23A3B3EDDA968B899A49F60C7D34D505C93418E","150.png","False"
"151.png","3","26","4","2","32","32","C74BEC6AE60759DD4BFC72315224835C9B94FC15B13E6CE4E1450CC19E976F48","151.png","False"
"152.png","3","27","4","3","32","32","9A3414C5759263FB9AC29ABFD524494B25FA329ED846801F28D46B3BEA1E9C8F","152.png","False"
"153.png","3","28","4","4","32","32","5E619415E362709FC090C5F55AD0EF41028CDEC453AE34651E80655F0E1CADAC","153.png","False"
"154.png","3","29","4","5","32","32","7B37C78A9A3A7A8B535B5578D5945479459E966656DD7113F6BF5141606981D2","154.png","False"
"155.png","3","30","4","6","32","32","7C283C165ACB5E22FDDBE17897D8E665D64E19F3E1587CE5AFBBF54CBC0CF9F5","155.png","False"
"156.png","3","31","4","7","32","32","F96380B8FA00B6614E8526175E3D06A13BC61515EAC8304DF68EC42B991EB7D6","156.png","False"
"157.png","3","32","4","8","32","32","94A8F18EF270CC6390E37224E4F4EAC820290491875BDDC9C65E00C65DFB2086","157.png","False"
"158.png","3","33","5","1","32","32","B895C48FF825A32EF1C1B09E8325D499B20D4DD06C1083718D30EF52E504756B","158.png","False"
"159.png","3","34","5","2","32","32","7C283C165ACB5E22FDDBE17897D8E665D64E19F3E1587CE5AFBBF54CBC0CF9F5","155.png","True"
"160.png","3","35","5","3","32","32","269738E923B2BA34B5C482457B0B2EACEE0DCF9AA8B8A2C7372484C09FBF03C9","69.png","True"
"161.png","3","36","5","4","32","32","71F19BB6C8B1B006E339C1C84CA7C660C7AE54325B4EA03EC12964F3E92DB784","161.png","False"
"162.png","3","37","5","5","32","32","A0B4029E248914970EF41907D41815A5B21FFBB19A068AAB581F1514BE828A8E","162.png","False"
"163.png","3","38","5","6","32","32","C8FFB7A9273F74300F8C231312D492365A253AEA52B2C2D1CDF9FD7653C10E8B","163.png","False"
"164.png","3","39","5","7","32","32","A9A2AAC17728C70F0587EE31AA3B516212F208CCEED54FA606FDA1410E257BAA","164.png","False"
"165.png","3","40","5","8","32","32","EB46B059AA06CDE9F4AE8B97CB4D7ECF00C3B7962E29AFD7BE7C81422344685B","165.png","False"
"166.png","3","41","6","1","32","32","910D0171F2192954865D6D6499D3A2D46B287DD0153552250934DDBE56F223AC","166.png","False"
"167.png","3","42","6","2","32","32","1031AF9E459C60CA0169FB1DC1E32052047AA841437D6BDE1D2DD3284E50DD47","149.png","True"
"168.png","3","43","6","3","32","32","B1BBFBCA48CC11FF9A32C581A83A9F17EE84CE384E584EB55AA6BB92E96F9BDD","168.png","False"
"169.png","3","44","6","4","32","32","6398868C85EE120BB49B025059D5F43C4DD6A8053709A80F876CD2CB9B1BDB4B","169.png","False"
"170.png","3","45","6","5","32","32","DE87055BFBCED99590D0D3F3DE909CAEBEE5CBF103A8E6CADFEF0DCE4C1E667B","170.png","False"
"171.png","3","46","6","6","32","32","FE3D8B920392EF6D335B20F92D82401323DCD5D3DFE0B86A00AE0241F097D4D6","171.png","False"
"172.png","3","47","6","7","32","32","B1B228D24ACF4AE2A9E387939E7691DD597C575833AF4E24CD29E4544809C0DE","172.png","False"
"173.png","3","48","6","8","32","32","92C91281519E6A477CA5D373FB7A38E237CA696717C31E6EA929EC9B4D9B1CED","173.png","False"
"174.png","3","49","7","1","32","32","AF550D8B155FAC3A77767E1C31F40B62B7C3AEBA082EEA4AECDB355C12C9A150","174.png","False"
"175.png","3","50","7","2","32","32","E0DEE6167276125398E2DAD3EE9F34FFAD6809A10B2B38503FDC64273672262A","175.png","False"
"176.png","3","51","7","3","32","32","2F0B5856A87B554D67D17CD94BB59D4EEA03C0D590F20904D0A9C352BFC3EA18","176.png","False"
"177.png","3","52","7","4","32","32","E50F7B47C60BD2F2B7C225D1A6113A88CD0D9D145EDBB30CE516A7CBF69818D0","177.png","False"
"178.png","3","53","7","5","32","32","C405A272C29F4DA06E26916E98CF6AF84112B2649EA7A4A47A38F740DD97FE05","178.png","False"
"179.png","3","54","7","6","32","32","5F8B3EDBCD7964B269D56A3F0CE739DD41ECC1515BDC092411F30B91153F1976","179.png","False"
"180.png","3","55","7","7","32","32","798A09A8C2BEE31E407AE13DF5D65E4665F3F772C72B29DDF2A99E9A4FC5C505","180.png","False"
"181.png","3","56","7","8","32","32","5559FEDF507C5033898BA1FFB8109F917533D079729498A3006CD9D9D1E58AE9","181.png","False"
"182.png","3","57","8","1","32","32","E3251D7C84D1A232AF3569EC05446A910A4AAC2691067B6AFD857D6E83340102","182.png","False"
"183.png","3","58","8","2","32","32","427481ABE9D8C73C88E390C47E8229632E4CFCA11D926775DBDD34A19C4F6E0E","183.png","False"
"184.png","3","59","8","3","32","32","D167F2D366D364CAA129ACA5AD89FE3D0BB9121BF07CC2C069575AB6CFCC1405","184.png","False"
"185.png","3","60","8","4","32","32","D1EF4C648B54BFF58D63AE09CF915CC3E87044C666CF5C45A0AA61FF3C474B9A","185.png","False"
"186.png","3","61","8","5","32","32","1EB16CF1700AF5D3960187695D9DCCC1BCDD8CEC786AB3258D28E21ABC3635DE","186.png","False"
"187.png","3","62","8","6","32","32","89EE7BAD8B91FF346448E8C67F5AD6A10AC26058B99FD9CE1F1A71EB0FEF96C2","187.png","False"
"188.png","3","63","8","7","32","32","B7364689DCF30E5AF4C520F7D19E4830A956AB45E21E78CA8DE2A81B99E01927","188.png","False"
"189.png","3","64","8","8","32","32","38698105E9FB29680208BC3B7C0911B6518FD3FC4F5EEFE99BF6360A945DB3A6","189.png","False"
"190.png","4","1","1","1","32","32","E6B551E9A4CC7F6B38BB6B03F7F954A3CA9448D5ADDCB80DC37D66F188CC83D2","190.png","False"
"191.png","4","2","1","2","32","32","A44E761A6639D600B4DC7F2174B39C662B891EA1801A7A99CCC4B61BE3AFE68E","191.png","False"
"192.png","4","3","1","3","32","32","B4E9293D3C0C116754B70AAE7A541DE4C8C305E749A72B23BE21C7F62AAB2CA8","192.png","False"
"193.png","4","4","1","4","32","32","15F045AF13CD7B8BFBF0D6582E4DECB50D8EA2D51B6E711C99B6ED7281FD0B17","193.png","False"
"194.png","4","5","1","5","32","32","078F48D1B73FBF49F9809DE4ABD141D28F682D26B22B442C600AEE41CB493A30","194.png","False"
"195.png","4","6","1","6","32","32","1FCF74A713F77F0E4B681092CA99AC2711EF2235A296A61EC534EE3FFCA90833","195.png","False"
"196.png","4","7","1","7","32","32","23589A1615662FAAF4DB11D871781FB2A422826915292114F19F0536005EA9FE","196.png","False"
"197.png","4","8","1","8","32","32","95452074D5DB0600BA9DC342B04FDBF249A9AECA3E1E4B8B826282609E64E8FA","197.png","False"
"198.png","4","9","2","1","32","32","628DEEC06ADE07B16FD17005B9501F26BDF0095C4088ACE3445BA3B7562D5B9B","198.png","False"
"199.png","4","10","2","2","32","32","52632DD09FEB652C7D65B7234645D9E649D28AB8D1FE65AEDBF947669556FF68","199.png","False"
"200.png","4","11","2","3","32","32","B72E4B918DAFB732670F44BFC910AB3646C7A8B85854BDE459EBA93B7833A607","200.png","False"
"201.png","4","12","2","4","32","32","825D0EBF7D3AD40CEC628D2662991BB2BB141B880C922DEF321749EFC79367DD","201.png","False"
"202.png","4","13","2","5","32","32","8F72446E0CD4A58E83B4478B69ACFF4051A66269E93F3B07D6394240FC224EB7","202.png","False"
"203.png","4","14","2","6","32","32","36562AE760115CED36A3D5EE0C1C50F63DD29769AE6335F75D2770A6E3866B1E","203.png","False"
"204.png","4","15","2","7","32","32","003BDD9E91405BFE1091F0FF85F341AFBA0F6DE1B2D73D368CB9974CDFA9ADEF","204.png","False"
"205.png","4","16","2","8","32","32","63CF5844C5A85EA44341DE7765DECA6BC067192EF8F6C2FECFA043256A38B4DB","205.png","False"
"206.png","4","17","3","1","32","32","A8B555D5481C155CD83FFE3BEA7366E83EB1AB28FD2EE2496BB53331A7138143","206.png","False"
"207.png","4","18","3","2","32","32","F7A81D9C090855AB5DB08F1A2EC04FE5D55E21FFCD32BF8CA7514385C1A7C2A5","207.png","False"
"208.png","4","19","3","3","32","32","003BDD9E91405BFE1091F0FF85F341AFBA0F6DE1B2D73D368CB9974CDFA9ADEF","204.png","True"
"209.png","4","20","3","4","32","32","F6E04EA56A87ABB40E74A67B600F013F3D408C243D34A6FDBD26C74A4A49A012","209.png","False"
"210.png","4","21","3","5","32","32","8EC8A3654A58E5485048C4CE55C245A264351D46A547787A19C5F7B02788F3A1","210.png","False"
"211.png","4","22","3","6","32","32","003BDD9E91405BFE1091F0FF85F341AFBA0F6DE1B2D73D368CB9974CDFA9ADEF","204.png","True"
"212.png","4","23","3","7","32","32","003BDD9E91405BFE1091F0FF85F341AFBA0F6DE1B2D73D368CB9974CDFA9ADEF","204.png","True"
"213.png","4","24","3","8","32","32","A67843E1527FC0273ED345A4E58165C2D8827D94AD6B09AE26F0E4C2834C2DB1","213.png","False"
"214.png","4","25","4","1","32","32","F3CFF7BB7C0F1BCEC041C0A53B892B82FFFB1BD6662E5152619E73F6D248822C","214.png","False"
"215.png","4","26","4","2","32","32","74EE39259185441C4FC04C20D8F32EB81B5EA1D41FF036734E6BF7F08059B400","215.png","False"
"216.png","4","27","4","3","32","32","CF22AE0482EAB7B2EE3A0420F78254C6D62DE71645BC271004DA04AD2612A7B7","216.png","False"
"217.png","4","28","4","4","32","32","789C5BD672B66FCFD0C6F4E5D39BF40DF647229559B314CE1B5F27F1814794B7","217.png","False"
"218.png","4","29","4","5","32","32","49AEDB662CD9A53CF14FD9CC82823A586B41C8B6EC668F54A3D7998305CEC632","218.png","False"
"219.png","4","30","4","6","32","32","879F6B6ED919F1B702BE196F51976AF346CA5114141E88D73189AE9929DF2EB6","219.png","False"
"220.png","4","31","4","7","32","32","B37B31C63D6AFC940FE0638AA80072A4834E6C7EEF24559DB7861EC3A750525C","220.png","False"
"221.png","4","32","4","8","32","32","95C4ACAE51D6836EBD7EB0218606531071CFCFF28C083F032E4C6B652728158A","221.png","False"
"222.png","4","33","5","1","32","32","AA8D03981733725236D084BE6654686A0CEC4279BD37914F8EB24360C71F35E9","222.png","False"
"223.png","4","34","5","2","32","32","6F7687F1D8FE186A0212B6C99F49F897CA92818C94B110F5CEE989752B29C04D","223.png","False"
"224.png","4","35","5","3","32","32","003BDD9E91405BFE1091F0FF85F341AFBA0F6DE1B2D73D368CB9974CDFA9ADEF","204.png","True"
"225.png","4","36","5","4","32","32","003BDD9E91405BFE1091F0FF85F341AFBA0F6DE1B2D73D368CB9974CDFA9ADEF","204.png","True"
"226.png","4","37","5","5","32","32","003BDD9E91405BFE1091F0FF85F341AFBA0F6DE1B2D73D368CB9974CDFA9ADEF","204.png","True"
"227.png","4","38","5","6","32","32","DE87055BFBCED99590D0D3F3DE909CAEBEE5CBF103A8E6CADFEF0DCE4C1E667B","170.png","True"
"228.png","4","39","5","7","32","32","700213911B5CDC269E0D599D693BBCE2B64836AB3C24693B92C6867DF378CA6E","228.png","False"
"229.png","4","40","5","8","32","32","7C3A3866EA1240730FC91FAEF4AECB3C949A9E525F68A1BAC5FCA8DF176AA0BB","229.png","False"
"230.png","4","41","6","1","32","32","F938A7E59E94DD6080863D6E0073C797EF4C544C58D13CEA65C0DD4B6DD08A2B","230.png","False"
"231.png","4","42","6","2","32","32","1C158E90504F2A7A08D4082ECD12C2467A9376576C94DAED2C6BFD5E944A4F30","231.png","False"
"232.png","4","43","6","3","32","32","003BDD9E91405BFE1091F0FF85F341AFBA0F6DE1B2D73D368CB9974CDFA9ADEF","204.png","True"
"233.png","4","44","6","4","32","32","DA86A9C361CDC2131AC0C7CF88D83CE633AD0E74F4D6C199FE340BB854F20C19","42.png","True"
"234.png","4","45","6","5","32","32","880DD9B369B2FD25C6E7CCEF9FFCA840F4A8946088EE6E5167B5C9F164FC2E6F","43.png","True"
"235 Alt.png","4","46","6","6","32","32","7591B7256FC26AD421BCE3B20FEE7652C263B15390B9627ED5F8A79AF4DE965F","235 Alt.png","False"
"235.png","4","47","6","7","32","32","776CC4E2CFAA4E1F9FC2F5CC0ADC35CF05A1B7833EAC9A36D78BFC5190DEBD1C","235.png","False"
"236.png","4","48","6","8","32","32","EEF9DACFF021BE5DCE655AD0A481AF17298502F776127760E753534172B27A98","236.png","False"
"237 Alt.png","4","49","7","1","32","32","A2B294BE63F5ABFA4774DA1F93BFCD509B323A44E64A3181F6BC4FAE355E8194","237 Alt.png","False"
"237.png","4","50","7","2","32","32","AB5D7DE25961FE687DC530223271EAA247AF8408FC6BD9B230D45E62F3D14998","237.png","False"
"238.png","4","51","7","3","32","32","E1E0FB6D5FA9835EAC9927063D96F67D3BE55A48E4528E92E58718FCBB1552DB","238.png","False"
"239.png","4","52","7","4","32","32","48F7C43937AED143E236AFAEDEA42DE7E6B5CFCAEF8EAB9C579B150C9A698223","239.png","False"
"240.png","4","53","7","5","32","32","E2D94A1BE3CE68D9F3994CA5E3CCD1595FAEC2C297548DB7E185BC28BDE90864","240.png","False"
"241.png","4","54","7","6","32","32","D8DD2A51B0356CB330025CCA762BFBDECA0B8B4172AFCC845C9C7C5C1C4C21F0","241.png","False"
"242.png","4","55","7","7","32","32","A0EC266B29D1B5515ECE9F49705F513A0C2A7EB922E8DC0B28DFE41E888BF70A","242.png","False"
"243.png","4","56","7","8","32","32","452B3B8B5D6865947BC6C87E1CBE852BBC04FEF6C5A4D6BFF2A70AAD348E2E04","243.png","False"
"245.png","4","57","8","1","32","32","1F3B28181790AA73A67C6D28489734D72DB40F16A3A6789A6985A7FDEE13913E","245.png","False"
"246.png","4","58","8","2","32","32","1F3B28181790AA73A67C6D28489734D72DB40F16A3A6789A6985A7FDEE13913E","245.png","True"
"247.png","4","59","8","3","32","32","1F3B28181790AA73A67C6D28489734D72DB40F16A3A6789A6985A7FDEE13913E","245.png","True"
"248.png","4","60","8","4","32","32","1F3B28181790AA73A67C6D28489734D72DB40F16A3A6789A6985A7FDEE13913E","245.png","True"
"249.png","4","61","8","5","32","32","2371634F236D2EE17AD8086575BF105404F94DD85814EB6C1180A3FD697090E0","249.png","False"
"250.png","4","62","8","6","32","32","CFD0ED17DFFA3D213E542DE13F7BB977CBFAACF6369B41CA736787D73FBA5798","250.png","False"
"251.png","4","63","8","7","32","32","E463A1BAE38569E814EC30362D664B31A1C8CDD52013ADD37756CBABF2B0F563","27.png","True"
"252.png","4","64","8","8","32","32","879F6B6ED919F1B702BE196F51976AF346CA5114141E88D73189AE9929DF2EB6","219.png","True"
"253.png","5","1","1","1","32","32","E9EA3DC4E9383E7E101EBFABD18A6EEDE87F1AD6F3FCC58295296F3C7ECEC51D","253.png","False"
"254.png","5","2","1","2","28","32","D6D9F076B96A4C4A2FA40BD87A31E8FFCA75B542A9C5679290C1E31850A2D7E3","254.png","False"
"255.png","5","3","1","3","28","32","D6D9F076B96A4C4A2FA40BD87A31E8FFCA75B542A9C5679290C1E31850A2D7E3","254.png","True"
"256.png","5","4","1","4","32","32","3B240D828C97CBC7A870A9BC7538E22076400496E50A480497E8978999C11933","256.png","False"
"257.png","5","5","1","5","32","32","E01CDE8D4819EDE7D3BFCD98BA976E154CEF4BD95C170E3DEC253D50DA8EF4FD","257.png","False"
"258.png","5","6","1","6","32","32","2D934F1D767666C684F10F7E0868D39DE3E1A518125B6478E42D670F4B2907C7","258.png","False"
"259.png","5","7","1","7","32","32","D1859C8129619FA44570DF0A077054F3F33EB6153AD3EBE2F094C44DAB9BAA3D","259.png","False"
"260.png","5","8","1","8","32","32","D5730BE918EBB0CD4066C3E2EEE4E3DC9DF65249439FDE46C55CB9DC58B1FA37","260.png","False"
"261.png","5","9","2","1","32","32","AA91D7B4B5E8463A469E3569B28F6C091E0E0D4315B32262C9B852C33E33F32F","261.png","False"
"262.png","5","10","2","2","32","32","7284E15A3B8DD32A8B891D6650F597C671D0D5849256A1335823E0B9EA7471C3","262.png","False"
"263.png","5","11","2","3","32","32","D26A5D5BFC73F3B930C8D77C892C6E58E8FC400BA3287F0EB61E7E452F593117","263.png","False"
"264.png","5","12","2","4","32","32","3FC23C89B90C455A4DE66F0B4828F4DA22CC3DF458CFA8C45FF2A72E13C714A5","264.png","False"
"265.png","5","13","2","5","32","32","4D51D63F6FB685C68FEF39CB725E7F9F80CE885F7331DABF1D0FDF7F65224CAD","265.png","False"
"266.png","5","14","2","6","32","32","2E10048764D18E4EBC189DB811ED5E7A7805F1FA0E321D3C61D5651647759CB5","266.png","False"
"267.png","5","15","2","7","32","32","C1CB6DBDE25CD720495437D035127B55E45074BC73A62D6D3495CD41155E1A2E","267.png","False"
"268.png","5","16","2","8","32","32","5A79B381B28337C5F7DD8DA0564BA2F43A6BE3991816BEB9D757A421196816FA","268.png","False"
"269.png","5","17","3","1","32","32","A6003F09524469750E771E13A4FE1EA352A30D7E239F318D9B46EC2132595BAE","269.png","False"
"270.png","5","18","3","2","32","32","981376CE86D660EDEE348B9419E69C3467E79B5A2E7BE2E4036F8DA851CF4934","270.png","False"
"271.png","5","19","3","3","32","32","A4397D6D46899E2D43FD68E1B94C5803F786E4A5A0BA1DE6F5469348F483DF1E","271.png","False"
"272.png","5","20","3","4","32","32","1AA7FAFF1855C72E1B50DBC2F12DF091CE0CFD46E46547BAB1AB345EBE958D8E","272.png","False"
"273.png","5","21","3","5","32","32","07C46C7FF458739C6C4DE367CCFA4F6E519A89A9F949AEAB2D1755D09887ED1D","273.png","False"
"274.png","5","22","3","6","32","32","0EA06D3230465A9CBE5EE3D0E5327922A57F74631BA67924B78725248DAF7EDA","274.png","False"
"275.png","5","23","3","7","32","32","41285C58835617705CE405DEACD4CB81031FA980C1298E6CA7F5214A9FD66341","275.png","False"
"276.png","5","24","3","8","32","32","657F8E82A2BDA4B0DB11FE88874825C1112BF432056BA10B809E8B63E6CF61BC","276.png","False"
"277.png","5","25","4","1","32","32","36279EE62E6211CC3048247B91CC10E24E59B988CFECAF2BFEDF433095A0ED3B","277.png","False"
"278.png","5","26","4","2","32","32","F5EB3E34CE8F088C7122B622020F1870CA4CBD05633099F10D7FE1718C06F480","278.png","False"
"279.png","5","27","4","3","32","32","E4BF8AA2285F5ACFA76A78F5C56AB24F04A9B14AC291A9C380F5EBDB56E61DA2","279.png","False"
"280.png","5","28","4","4","32","32","F453BE662763D61E591141CDACD30668C8B82B34141AF6FFBAC14C0C5FBCB0DF","280.png","False"
"281.png","5","29","4","5","32","32","897B8CFEAB28A56F8C7AF2CA2D987CFCD11A67D81C6C45EBDC1F7DF75415C474","281.png","False"
"282.png","5","30","4","6","32","32","56259749BE598319EA7F9DF0DD35EFE37A4C51663630829F919B16E35E8C85DD","282.png","False"
"283.png","5","31","4","7","32","32","C10DCD6C1331C1F36545A5B62B8FDF1823CD69F0A1E28CC3E00914FA26A2CBF6","283.png","False"
"284.png","5","32","4","8","32","32","131CAD5BDAFC955D2520065F6EF155E14D85AB9C9E4B37550465CDF5D164C550","284.png","False"
"285.png","5","33","5","1","32","32","44B2662EE69EF512238DF3F0D62756CB6688AC705BD766004749A870EA93F0BF","285.png","False"
"286.png","5","34","5","2","32","32","BE4FBCD7C04A20DDAB5C8449FDE60AFDDE8AA4FF8A143C265A2EA4050CA8F004","286.png","False"
"287.png","5","35","5","3","32","32","D8113B3E7A171B8664FC598A8676E20A513A10426B98A8B485FBB2FE83DC3B12","287.png","False"
"288.png","5","36","5","4","32","32","16F83956CAD9F5378B16A7BAA79013A67A3B62331A2E13DC996E6B85474C0FCC","288.png","False"
"289.png","5","37","5","5","32","32","EB319E051BAD422AAB8ADA041504E8D1EC372627C37473ECA2676C9708AF7076","289.png","False"
"290.png","5","38","5","6","32","32","1DA7F112A82A7831FA9ABC9A2E96FEABEFBCF3309764C972405082F308CB5446","290.png","False"
"291.png","5","39","5","7","32","32","F451C9C0E206B8B14C03C10C4BDCD1960140091F5F3165325740F155B0AB287F","291.png","False"
"292.png","5","40","5","8","32","32","A8D46C876D69FDA8B39AB21C4F15CACCCB3AE33E8E4046A6360F8487F1BC6C37","292.png","False"
"293.png","5","41","6","1","32","32","EDFAC0766D3589B39A05E71A543F82CE09DBEA3B3E0565C161B02D6DC5DE500B","293.png","False"
"294.png","5","42","6","2","32","32","E08AB02D21A7C3557E43E9ABCD9642821E15B8ACA884C370572FEEF62BB53AA0","294.png","False"
"295.png","5","43","6","3","32","32","3525478516A5DDF4E7DE0CE24EAC3C851F59972331649D2BA21BCABF3865DC40","295.png","False"
"296.png","5","44","6","4","32","32","51FD312A17CD4206D2EACE1F387C55D48B3D8156B60A915EDB83BB9CBE478C9E","296.png","False"
"297.png","5","45","6","5","32","32","892AFA373A77A5FE116DC201C7049324A1C8F08A9FE49F6FC38AB2B6AFA192E2","297.png","False"
"298.png","5","46","6","6","32","32","D525E7122F523BABB45C4984794D34E8102F39890C94298C5EFA2328C52955E8","298.png","False"
"299.png","5","47","6","7","32","32","B1AC94D9D0759ECE5AC243C7A4E15846EEA46F297566BBB988F4F5305B612408","299.png","False"
"300.png","5","48","6","8","32","32","8AD042BBA0750DBD411632E3075EB01FFA4A835890A20A47AA637CA71411497B","300.png","False"
"301.png","5","49","7","1","32","32","7F4E2D39C6727C8932A4FD7BF292D3B173A57DE8EED56E5733BD5A749A009E0B","301.png","False"
"302.png","5","50","7","2","32","32","AD95B5A18F78F84E5499DC68E6FABAD995634E756571E523E1781793F2146B56","302.png","False"
"303.png","5","51","7","3","32","32","AFD8EFFE357293BC506218195BFEC1AFFDB8530D90DC61972A1009C701EEF7BE","303.png","False"
"304.png","5","52","7","4","32","32","B7C44A73F30637572335B9F964C2B2BA1822B81818FB1B1A4BE31BA36BD046D0","304.png","False"
"305.png","5","53","7","5","32","32","20943106E9C2C4E4ABF1E7964224BBA68EBE0C27412D3E11726B074B0A794128","305.png","False"
"306.png","5","54","7","6","32","32","CEBCFC188831BBAA8CC47456CB50F2E734BB19CB2BD41CEB457B12BB4B1DF442","306.png","False"
"307.png","5","55","7","7","32","32","D43479D038379BA9131C14919A8B9D4F951363DEF8127846E06E185EF5C29CCB","307.png","False"
"308.png","5","56","7","8","32","31","F7A530A402474199C531FE0B76B0AE5B34D982D88F366D0EA1C48445105B8C14","308.png","False"
"309.png","5","57","8","1","32","31","3217A882BE2F074BB652558FCCD914D98B1C00D03B3D8A6AE5D1710AF27907A4","309.png","False"
"310.png","5","58","8","2","32","31","B8213DA553866CC2B5916BEEF4EA7149AC025689C70C905E3F747CDE3CEE25C1","310.png","False"
"311.png","5","59","8","3","32","31","E96AB596FADE35FFB59DF1790D97A8DE073D034500598888EB80D0AB1993545E","311.png","False"
"312.png","5","60","8","4","32","31","C3E9B45A70BA3A122E4DAF176BB71A257B9EEFE032028513F5697534380B17F1","312.png","False"
"313.png","5","61","8","5","32","31","270C7D51DB0681DFCFFEF254F85CF83C19B0EDFE7644197799C8A116970987FC","313.png","False"
"314.png","5","62","8","6","32","31","4A76A912C5A701556071B60FCEFC78C21024FF16DAA873D21C3358769C3454B6","314.png","False"
"315.png","5","63","8","7","32","31","7951548F7E78BF7ACBCD22B130AEAD15CD0EEC930FF09F967D8218F637CA5094","315.png","False"
"316.png","5","64","8","8","32","31","39071CAF75015784FC3D7503E4ABEF47C25518BECBE08357FAF068B4FED62C70","316.png","False"
"317.png","6","1","1","1","32","31","8CD36A70E81EDAC12216325480C9ADB1D61FB3D328C3E9BAE5E1C830B74734A9","317.png","False"
"318.png","6","2","1","2","32","31","14BF9EC4C0471E65EF4C8AA78BBBC041355744B1E5C34E03A222C99B27DC1997","318.png","False"
"319.png","6","3","1","3","32","31","1BA462219BEC26D4F3BB973EB5A84C4F68A73A901FA4B60BAA269882DB8C278F","319.png","False"
"320.png","6","4","1","4","32","31","C8C2AD522805A195986067F48E55CAA44D4D406533DC5035DAB53A4EE7E9BDDB","320.png","False"
"321.png","6","5","1","5","32","31","F1190E53A9F8A694F78F8B20FC369800EE6CA444716E6BD546FC733F21D10D3B","321.png","False"
"322.png","6","6","1","6","32","31","1A4431AF36AC40953D61D39995D546C474F24838CA019899FC596CEB906E933A","322.png","False"
"323.png","6","7","1","7","32","31","01DB503B2EE73C3BD1D388F26B8FB68E63E3472C6893C6C4028F1B33C40A8F54","323.png","False"
"324.png","6","8","1","8","32","31","F585FCE2629F10F0A92DED635E9C772BE260B5FFFAA679B0BC293E2D0DCEFE98","324.png","False"
"325.png","6","9","2","1","32","31","DA74AF6F2AB02DBC9CB26B3451267C70975D7954A4BE46D70A978FDA1A9B745F","325.png","False"
"326.png","6","10","2","2","32","31","B04A5C45F7157F554BBAA74AA1803B3016DF0C60A56EB6A6259E96F9E1110178","326.png","False"
"327.png","6","11","2","3","32","31","2345BD2529630AC94F2D91FAA03DB85996B4F57D1BF17D113E27EFCA05032169","327.png","False"
"328.png","6","12","2","4","32","31","9BB3795B63F6FB22CD6A6F92A7BA10429E784C37220FE0B2649DCC7725A37160","328.png","False"
"329.png","6","13","2","5","32","31","08CF78B28526713850CD48A852DBCC87C6CE6DAB19AEEAB0A77303D0D2F519E7","329.png","False"
"330.png","6","14","2","6","32","31","81B788AE5957AADB2EE8467ED617785F6E127813911572FB1742CB3404287921","330.png","False"
"331.png","6","15","2","7","32","31","6812E746FD7B4F6987F093B93C0B6A4BE80BF8E1CF88E90F65FB7B6B701B8A73","331.png","False"
"332.png","6","16","2","8","32","31","8906BFE8ECBB1A2DFD524C047CC5E84CB14CBA8FDFA1396A0287FE49534C7F83","332.png","False"
"333.png","6","17","3","1","32","31","1DC7A05B38A9557A1092D0142CBE17E6F272323227E548A4778D6FA4DFD9B6FE","333.png","False"
"334.png","6","18","3","2","32","31","F7B6F20BF4EC3B3ABE5A6EFB6D24D8D2AA5FB2782BD959C03061E970B8A7F51E","334.png","False"
"335.png","6","19","3","3","32","31","847A1E9BA794A947B5FC76E340D0AB33AE26814F67D0896439E3A88629B0264B","335.png","False"
"336.png","6","20","3","4","32","31","4D7E982E67ED0649D3C91B3DDF78A468AABD6DDB8C2B1C9094E42D4741EAA5F1","336.png","False"
"337.png","6","21","3","5","32","31","6942BD7C6601B8E1A2A8D9927F7B4E12A6A755BD7AEBE697B2AD3AFC1C2E7FDB","337.png","False"
"338.png","6","22","3","6","32","31","1C9EBBAB40DE404883E21A28B81792880E4CF07CC75E22631385D40E0BBB8673","338.png","False"
"339.png","6","23","3","7","32","31","D9AA14528EE895733617F32E9791F8B2D897B8C7E41079B5D202C958D932730C","339.png","False"
"340.png","6","24","3","8","32","32","34176B9C425A631EA7ABCC4DC08AE43A81BEEE358A0372594F70FB4465267140","340.png","False"
"341.png","6","25","4","1","32","32","8146CD81AAD350F8C406822F8A92D54D3DF72F5238A2304D8F036D912E0C3942","341.png","False"
"342.png","6","26","4","2","32","32","75649FDC3F09D4752CC78FC054D90CA27F1220FBC7540FFE3E9B208B79B7EDAE","342.png","False"
"343.png","6","27","4","3","32","32","BB52D44FC9B2FB7E6666CFF28905A405B4A57F71FAF3975F830E3A158B6C8436","343.png","False"
"344.png","6","28","4","4","32","32","A6CB5ED972DC9D7423E69C66319431E3256A1CA495F02FC3BBFFD0D517AF99F1","344.png","False"
"345.png","6","29","4","5","32","32","5D10BC61F1EF6A05D9AE645D0F998A9196FC1CAAAD022DEBF334D0B7DF20DE11","345.png","False"
"346.png","6","30","4","6","32","32","4C30A27445171183EC915A1ABE8EEDF3EA6F85F491A9135853558AB8A043123C","346.png","False"
"347.png","6","31","4","7","32","32","04A8F9A294BAB70BBD338708A2C402F47E007D9ECE55BB92A463EE494107146A","347.png","False"
"348.png","6","32","4","8","32","32","D5B37F0E3A7FA92219EB818328F939F31B520DA2E5AF37CEA363C3497DE76416","348.png","False"
"349.png","6","33","5","1","32","32","4850C5D91E1AFCB94B887E8FF204FB3C53EA873B82F5C7F80F9232335DAD4FCE","349.png","False"
"350.png","6","34","5","2","32","32","C4CBCC084A2EB5025F92551BAC16CB8FF746492BB12AE115AD3DD0FBEB2DE443","350.png","False"
"351.png","6","35","5","3","32","32","FD60C807D270A4489D79A0F57632A60C76A81252AC9704B66A521ADB3107C81B","351.png","False"
"352.png","6","36","5","4","32","32","24B1B5E572B0D89BCE0291F495A24A91485C6CD55D233582FAE17180EDBB2C81","352.png","False"
"353.png","6","37","5","5","32","32","5E0A0A7D8ECA19E1DB38E6C0946DFF3A58CD8B4B44788DFEF1CA41375C076777","353.png","False"
"354.png","6","38","5","6","32","32","BF185AB228C75A7B63678CCC32A3DE76ADD8A05149E3C8C96181340F285BAE7C","354.png","False"
"355.png","6","39","5","7","32","32","B944C0A3DFF5F78D92DD22E5AAB3DE1D7FBEF344CBC633A1A00880BD199AF3EF","355.png","False"
"356.png","6","40","5","8","32","32","46571768D5BA483B0A83D38CDC9B9FE5629FE9074E998DA0197F53AE90AFE78F","356.png","False"
"357.png","6","41","6","1","32","32","EFC107527BE1B310AE1C739367E9AFD9854C845CDB136641568F9E7F6B64F408","357.png","False"
"358.png","6","42","6","2","32","32","9F8917969FE61AD98F918D823A03EECE4D120FA8C4EEE54EF21AD3B82D1C4806","358.png","False"
"359.png","6","43","6","3","32","32","A2A096C638DA1AB6CD8808F77086E8CB0EC37515112E4F77F715452E2BDB8588","359.png","False"
"360.png","6","44","6","4","32","32","8EF0D5ED5E3C19AEBE8DF6A28E7C31F33483D1ABEF1A6DF83E670A8F3A05DD85","360.png","False"
"361.png","6","45","6","5","32","32","1D589497EEA3012308A57A6248215D22D90DA56FD16C77DE69DD9B2F89CFD919","361.png","False"
"362.png","6","46","6","6","32","32","0622B7B84DC8C8A04478A25ADF48ABFDD1A991AC0703F01DA84309F629F3EC02","362.png","False"
"363.png","6","47","6","7","32","32","BEB3D47A204BC0DD16D6C4E302F336DCF18A974B9D17A9E4635782EFD508F623","363.png","False"
"364.png","6","48","6","8","32","32","F2DA3F5DFD8BA39CD62953A2C069FA649CE85F92F8603CB89D75E294866D4109","364.png","False"
"365.png","6","49","7","1","32","32","C4F69E64AB32E87C98120606472B0A69CE788BAEACE4505D6A470B42AB7E9C93","365.png","False"
"366.png","6","50","7","2","32","32","F587ECDA5377D1BB05977B7C2B956C533244F53DE2A55B3F80F1B4E90258F487","366.png","False"
"367.png","6","51","7","3","32","32","EA7CFCD1B137F2A44A9CD81EAEA6EE46848BDFCDECC0BC1356F44F445DD1547C","367.png","False"
"368.png","6","52","7","4","32","32","76078244190F59A6632C6FA244B180EF4038116B7721994184DD1E7BB68B5183","368.png","False"
"369.png","6","53","7","5","32","32","7DEE7964D1DC578195CBDA79ACC3C23468FCFC3FF2810AD46727C8EE774E76D4","369.png","False"
"370.png","6","54","7","6","32","32","779FDAC5158D9AE2375E10AB0A076A6E00FEA7DEE0AE02ECC82F105105514DC7","370.png","False"
"371.png","6","55","7","7","32","32","C8CA74B04878B8C4BD2B73DC0AA02E5F814FFAA4A28F5A2FDA13E117DDBA1D36","371.png","False"
"372.png","6","56","7","8","28","32","D6D9F076B96A4C4A2FA40BD87A31E8FFCA75B542A9C5679290C1E31850A2D7E3","254.png","True"
"373.png","6","57","8","1","28","32","D6D9F076B96A4C4A2FA40BD87A31E8FFCA75B542A9C5679290C1E31850A2D7E3","254.png","True"
"374.png","6","58","8","2","28","32","D6D9F076B96A4C4A2FA40BD87A31E8FFCA75B542A9C5679290C1E31850A2D7E3","254.png","True"
"375.png","6","59","8","3","32","32","1C206B18036E3C5950949B2D4D6FEC961849171B4B00BBD682D3A2ED0BF93B4C","375.png","False"
"376.png","6","60","8","4","32","32","9BC0C97C108826FD6EB1516FAD180FB3C412DF6AE039C2CA8BD148D36F5A1237","376.png","False"
"377.png","6","61","8","5","32","32","9EA026D9F0DE4D6F10EA2F09673BB2BC5B1EC40BAA93392BF6E3B4EAED16EF8C","377.png","False"
"378.png","6","62","8","6","32","32","D0916A8D8EA7E39FD78B428FEADDD635AF2F7011B96AF0AF9EE20923EBA32BC4","378.png","False"
"379.png","6","63","8","7","32","32","AB2157C4533D499C925DC73990BF80503634D281D1A84FA61E357FB377B50CF3","379.png","False"
"380.png","6","64","8","8","32","32","6A7EE458AE6915A993C1B84C4F9C58A961817BCFAB17A117A7DDF8F729BEAE33","380.png","False"
"381.png","7","1","1","1","32","32","9ABB9F52CFCEF9915E90588B2160F9815003CFFAFE4C4D1BC494311B83A58951","381.png","False"
"382.png","7","2","1","2","32","32","94E0D944FEB66BFE4BEC40DA2AD4BBA599ABDC9CB1D473A9865B5C97CFC78346","382.png","False"
"383.png","7","3","1","3","32","32","B84CFB11A1C473B15C08F6EEB444972F0356E0C51E831758CAC9F466F2051382","383.png","False"
"384.png","7","4","1","4","32","32","87F4F4AE0D6AB9F75E2C155AA3AB1490A773D8671CB35072F82DE4B54865ECF5","384.png","False"
"385.png","7","5","1","5","32","32","6E4E3F200E427BCA74B1525A56FD55647AB2DF5833C8CF7214BC1C69973C5294","385.png","False"
"386.png","7","6","1","6","32","32","06B911386F37AD2AD55AD350C4A0615D6BAA5E25BDEA05684557BB6FD7EB0F41","386.png","False"
"387.png","7","7","1","7","32","32","D8351EC1C93B1244FEE291C619AF74C427DC49203270FE4CCB5D3BE2205E17EA","387.png","False"
"388.png","7","8","1","8","32","32","462B4874E70A156AD025DED07F5D3AF3B113450506DCA8CB95419298C0D67CB8","388.png","False"
"389.png","7","9","2","1","32","32","129FC4496CB5AF651332291FCC47818F06C37B24FD7E5216910B722260C4E8B3","389.png","False"
"390.png","7","10","2","2","32","32","D4E8A6BB5F63CAA2F6D699825F39247FE0DADA95E7CD54F3E0719D6B33ABCDA5","390.png","False"
"391.png","7","11","2","3","32","32","910D3E0F79537CCBC5DB680DC290408B8477EB8E21BC4591DFAC95F632B6EB14","391.png","False"
"392.png","7","12","2","4","32","32","F1110FB72E6E9E10DA556BB0A395A24F6058BBE0FAD2F114C98830327F7A7D18","392.png","False"
"393.png","7","13","2","5","32","32","433027F2F6877B97CA68C0DA597D0A6BB293A37CF0CE6EA0E15A649E9389F929","393.png","False"
"394.png","7","14","2","6","32","32","D7B6F87C3BA7B7A858104CC1FD1846B84D15B0AD9A7FFFAB86409AAB2E8BA013","394.png","False"
"395.png","7","15","2","7","32","32","F1EE01F98D7F35357C2860EFE3711EF2461DDC81181F58CF0E740C193F37E6EF","395.png","False"
"396.png","7","16","2","8","32","32","E151FCF3A6FA73C2548329F68BDABC3859811331FBE0D0B76633629E03E36A08","396.png","False"
"397.png","7","17","3","1","32","32","E2C77E7BBA550FC893DA114C2E375F01B16061EA770639F6DAC8B1A3A117312A","397.png","False"
"398.png","7","18","3","2","32","32","2880561796FA593C69E415E9D7240A2DD5697F4B422C1E45B4C7A9215AC50EED","398.png","False"
"399.png","7","19","3","3","32","32","6D9B521147C806E00F940D2C5287B1E2BCD7E4F4C476BBF212FB927C688F9458","399.png","False"
"400.png","7","20","3","4","32","32","48826DAC8F92CFFB1D122FCCC70DEC360FB9D29F778125A83F04F71B449BA979","400.png","False"
"401.png","7","21","3","5","32","32","54951F1E7ACEB47E8E5C153372A9885F89CD2828B441FB3F4C1FC5E5B42ABA06","401.png","False"
"402.png","7","22","3","6","32","32","FB1E419E17043621C64D241F774A0D8296A5ACA27E1AEBFC92ACDB3CF861D3BE","402.png","False"
"403.png","7","23","3","7","32","32","2D851AB4CF2A3F0F083463E6967F6734403295BA06E87403140B25758731A399","403.png","False"
"404.png","7","24","3","8","32","32","0D51BAEC0503060683F423A7662A1771130326757EEE81BE60159E73FE51A9AB","404.png","False"
"405.png","7","25","4","1","32","32","8C5D9F65E01B4715D8130A370F0106CED61675CF978A095AA41557FA7D286082","405.png","False"
"406.png","7","26","4","2","32","32","4B5D8D331D8492980804453632B0C245F20227FC6070CC474F5F176FE7F2ADDD","406.png","False"
"407.png","7","27","4","3","32","32","49D6B7CC0D03D296BC0B5746BA9C67C3720FA49C53EE361FD60FB1DAC8948467","407.png","False"
"408.png","7","28","4","4","32","32","FF61B78077746EBC19338309DB23030251FBE7BEE17E3AE0D59BCC7718EA0410","408.png","False"
"409.png","7","29","4","5","32","32","A33DEA63E98BDAB28F3D9C72CA5D1DC0D527D2B8205333BE1713FCD28C120638","409.png","False"
"410.png","7","30","4","6","32","32","9FDB03B185166EEA732812B1CD678F30B2B9238469E10A8D29769A16CFED7D06","410.png","False"
"411.png","7","31","4","7","32","32","15B3CB415521A7A1C17ECAA5A1C6AF240E6E793099DFCA7FC9626618FB7B50A6","411.png","False"
"412.png","7","32","4","8","32","32","1CED7ADA68714954E46F7E0D4E8D482E5337BF5785B940EE53B8A354A8D4FD41","412.png","False"
"413.png","7","33","5","1","32","32","3CE37E74D5B1C0A27F1D14C9700D4CA78262CF4D1ACF00A0537E841AE912E6FC","413.png","False"
"414.png","7","34","5","2","32","32","3485D117FD5F0A3284B47C1318CBA3BEF2AC016D791118867BE5B75BAF0E4845","414.png","False"
"415.png","7","35","5","3","32","32","536C85FA0C09BFDDA64C26BAB884D49C42C24DACAAC68EE14CCCABEFE2DFF6F4","415.png","False"
"416.png","7","36","5","4","32","32","3A87658CB5B32EE990089ABA1326A14E7B2D9BE8620415E6B02916E00FFB2F50","416.png","False"
"417.png","7","37","5","5","32","32","DB9C0ACA7AE627718FABA55AF13B9ED86B273BBAEDE7C2FD679B0A46CAD23872","417.png","False"
"418.png","7","38","5","6","32","32","163E9416789B3863F14A6AF33E0488672E5F6B1C3936C48AC2F8C4F80DA5A6E1","418.png","False"
"419.png","7","39","5","7","32","32","1EEA1A88BE573F1CEAE6DD82CEDF705EB704A2927946CFD5F0513DD7D1CBA263","419.png","False"
"420.png","7","40","5","8","32","32","B05A369E6D607005C6A4CCDB63317411AD534BC088D0EA8ED750CC13BAB48166","420.png","False"
"421.png","7","41","6","1","32","32","891C3B22DEA9C66436748528E07360224C64003C502CB63A843F928CAD8096FA","421.png","False"
"422.png","7","42","6","2","32","32","4B9635B399C5301C54C3CA0B93BFF7F2EE30709DCB4F8866556C54C143E9CB35","422.png","False"
"423.png","7","43","6","3","32","32","F73C124B5EA63292C529E9AAE905CE1ABF26B2E0A006282FFD134F442075652D","423.png","False"
"424.png","7","44","6","4","32","32","01E54C9D80B2D5F18AABD00CAE2DAE8B38862A41641722AC3778162F816E4505","424.png","False"
"425.png","7","45","6","5","32","32","7F296C181122D50875013496702C59784180916AA023BC373ED7FBEBADF6F652","425.png","False"
"426.png","7","46","6","6","32","32","BE6646D715029D9944ADFE056CECEF13AD1EA201EBD16D6FC656E90582C84B66","426.png","False"
"427.png","7","47","6","7","32","32","5EE1CE38C181593702C2ADD88EC797EF1D27098436D0BDC52C034AC1BE7E1B20","427.png","False"
"428.png","7","48","6","8","32","32","3AD0CFAE62B64E94C62255A057CE7B59CAA345697F4871F56C5DFCB99DBBE974","428.png","False"
"429.png","7","49","7","1","32","32","41EFBC30B4E10FE46AEF34B15AC7FCF5446AFADE58D0EFA29727E17125B0C4F5","429.png","False"
"430.png","7","50","7","2","32","32","5C8025A78C69822AC3A69E641AFB85A05008BAC6A8287C9193C04CE9F73BE12A","430.png","False"
"431.png","7","51","7","3","32","32","3141E5F39B3677BC0881E9A176D9F57F0EBA4591C252BD891D71BEE6FE4626D7","431.png","False"
"432.png","7","52","7","4","32","32","CE364C0F7233306B5F6D551FAF97EB09E04355034F6194BC9029C992064CE1F1","432.png","False"
"433.png","7","53","7","5","32","32","9F9C21AC8C0D16C062305D8F5A7770A6C3DBA45B6892F258DDCF9B6410EBB696","433.png","False"
"434.png","7","54","7","6","32","32","67CAB4DA4892FF2A2BD53BCFF499AFB218D7F566A7BACC12DD60FF447107A6BC","434.png","False"
"435.png","7","55","7","7","32","32","D64AA7DD1C447FAA9F21C5435217CAA4CBEF8259D3A447EA402DCC5DF3979EF4","435.png","False"
"436.png","7","56","7","8","32","32","2F6FC72345D0A2AEB0CDB707BF05FB3CA1A67B05623895B4E0418A94971F480A","436.png","False"
"437.png","7","57","8","1","32","32","3DB7814E16D37F7239E1D89E15A04739F7A6B31E9AD03FDE8CEAB8CED90E3A1E","437.png","False"
"438.png","7","58","8","2","32","32","7EAA43F02424E2CD0B546D529677B7F80933CD903431A22364103D7386B2EA39","438.png","False"
"439.png","7","59","8","3","32","32","4CAA71F6238303ABDAAD329CCB31F2B31CFDFAC341BBECDB95F668F99D1BB062","439.png","False"
"440.png","7","60","8","4","32","32","D33CFB38DF0E5D3BC7098786646E6D81436B7F4F2595B86F80909B56A5DEC55F","440.png","False"
"441.png","7","61","8","5","32","32","8F17C84BA3A146B609FB2F875FDFD38CE8CE4900A42C056E649D03EB9D6060D2","441.png","False"
"442.png","7","62","8","6","32","32","764A6F90EF94698FC113109954B5C90290E45E1D8ACA23AA07B63F159A5A9658","442.png","False"
"443.png","7","63","8","7","32","32","5C600482DE4B8A9EBF095AF3EA6AD7D7FEE6867B66BA850207522E23A46374C0","443.png","False"
"444.png","7","64","8","8","32","32","1BCC126AEFB45227A6A6569F2E1B2C1810E721E9CFC181973542528F4747E72D","444.png","False"
"445.png","8","1","1","1","32","32","21F9CAEB1818886EF52B8F21E1F8453D5BB16C5F08DF4A79247C459F914336E6","445.png","False"
"446.png","8","2","1","2","32","32","AA034BDA7B51F35708D1B24B628A9503151BAB134865DFBC4ECD00D0C6720775","446.png","False"
"447.png","8","3","1","3","32","32","D09B94D35B22BE043D69138F9FAC52A1D13B026ADC1C6241305DFC09D8A68C18","447.png","False"
"448.png","8","4","1","4","32","32","910D3E0F79537CCBC5DB680DC290408B8477EB8E21BC4591DFAC95F632B6EB14","391.png","True"
"449.png","8","5","1","5","32","32","F1110FB72E6E9E10DA556BB0A395A24F6058BBE0FAD2F114C98830327F7A7D18","392.png","True"
"450.png","8","6","1","6","32","32","433027F2F6877B97CA68C0DA597D0A6BB293A37CF0CE6EA0E15A649E9389F929","393.png","True"
"451.png","8","7","1","7","32","32","D7B6F87C3BA7B7A858104CC1FD1846B84D15B0AD9A7FFFAB86409AAB2E8BA013","394.png","True"
"452.png","8","8","1","8","32","32","F1EE01F98D7F35357C2860EFE3711EF2461DDC81181F58CF0E740C193F37E6EF","395.png","True"
"453.png","8","9","2","1","32","32","2EEAE8BEBBB957447C1D3749946883B70C80AD77599A58534B8C6DE34DDB2BD1","453.png","False"
"454.png","8","10","2","2","32","32","034A1A4ECD3C44C848073E46C2B92014DD5869FEF630F5B0ADF62B00CF4A3A8D","454.png","False"
"455.png","8","11","2","3","32","32","A33DEA63E98BDAB28F3D9C72CA5D1DC0D527D2B8205333BE1713FCD28C120638","409.png","True"
"456.png","8","12","2","4","32","32","3C47BDE3CC6FCAA7F8227BB4214D50396DC5133D382718FA7338AC59F0F0DB31","456.png","False"
"457.png","8","13","2","5","32","32","76DD710443E77DE886AA52608D6416765209133483A7A251321921B29A45CC0A","457.png","False"
"458.png","8","14","2","6","32","32","A6A384F66E65AE3C52AB05F5ACAC6251AB40000167A954772C0D79D07F99F866","458.png","False"
"459.png","8","15","2","7","32","32","B194FEE8B753BC3359D2E2E496339EEE914E046D0F837344CC5C1F2842640E3C","459.png","False"
"460.png","8","16","2","8","32","32","DD08FA85B52E42915FEA136C9B2175D4097128ACEEF359FB6797DC016111CDA7","460.png","False"
"461.png","8","17","3","1","32","32","7E23F91C82C05145185C72CF5790C69081A48B9D86A4A78FEFC218E6BB0DC0D8","461.png","False"
"462.png","8","18","3","2","32","32","64771BD1C5B7DC4F86B623C4BA509E5D12D14BB21FDDC44C4C04EF742E9E612F","462.png","False"
"463.png","8","19","3","3","32","32","BA93807A27E6258A53462CCBDF32EC12D49C2A29D4FD1E170DEA202BCFAF26AC","463.png","False"
"464.png","8","20","3","4","32","32","250C6E827212EEF0688166F1E4ABAB771AB4A239425A21B6AD08C19346EF8BE5","464.png","False"
"465.png","8","21","3","5","32","32","5F7566A23E12677D50D4180F6951B32633EA4BFD0E49160D2D53E33F1C1F9807","465.png","False"
"466.png","8","22","3","6","32","32","17A102E705F251DEF466B77E761E126F4AC51EF260EDD51D0E021700064D7BFE","466.png","False"
"467.png","8","23","3","7","32","32","90DA976256DAFBCF5ACC76FEC5F9C37A82CFBD316E8BF58D14DF4DCC9D2DC974","467.png","False"
"468.png","8","24","3","8","32","32","1BECCB4BEE2C7502C86B3704FAFC44FB95C3DF3A1465C30D0DA807995516D228","468.png","False"
"469.png","8","25","4","1","32","32","BB757759EE507DACC038B1C2DB494A86E6C9E499F63A33C5E85E0B9D35B54AEE","469.png","False"
"470.png","8","26","4","2","32","32","A3FBF9CEA7CE938358DADBBE52EC3BDCC1ADE1831AF3DC8FC0908F1E8EBDB3FE","470.png","False"
"471.png","8","27","4","3","32","32","05DE6D9541AD90A9CC8F10685C2C9510BC5804BB9BC6753A7256205F0F97BE00","471.png","False"
"472.png","8","28","4","4","32","32","3D7CDD5F7987A96F363AD189BC88B1D15F2357CA1B5A45328A5EE91081339E84","472.png","False"
"473.png","8","29","4","5","32","32","BE8D762E7C42B1D8420FB0DF2365AEC21F6FA7E94AD712084B97BBAC95B3E894","473.png","False"
"474.png","8","30","4","6","32","32","F4B80086D7050808B60158E9EC8D9D80A36C063220D094C0372BF1B2B2513A24","474.png","False"
"475.png","8","31","4","7","32","32","34DEA8C9E807F14B5A6CEDEB7AA6FBB8223617B31A0E4D8447B89401735BFD7F","475.png","False"
"476.png","8","32","4","8","32","32","B0D91D6EC7043E93949AB62374D7BA47C9E55239E1D2A00B64D1FEEA00ED2DF4","476.png","False"
"477.png","8","33","5","1","32","32","6C3689A5972FF019861A13B72214C3C255A1D4432AB0291DE5BF5541F1EE2ACA","477.png","False"
"478.png","8","34","5","2","32","32","04C17ABAEDDD8931ACFF44A1F58A85A0D910DD9E28641A9597D13F92595CFAD4","478.png","False"
"479.png","8","35","5","3","32","32","0F5BF3D25691DB31A84B08EDCB47C6CA85E849D4623071CB1B59C2E3ABD27323","479.png","False"
"480.png","8","36","5","4","32","32","6A6AD2B358E2CFBE2EB5E760DB9B349BC9F696DE79C880A629F8666211861127","480.png","False"
"481.png","8","37","5","5","32","32","F4B80086D7050808B60158E9EC8D9D80A36C063220D094C0372BF1B2B2513A24","474.png","True"
"482.png","8","38","5","6","32","32","2B82520A7917F51E7356E1399CDEE0B873963AE58539183C80BD760605B493D3","482.png","False"
"483.png","8","39","5","7","32","32","55969D6E54093A331D97CF1E5B603DD4C475B873AB6F513CB2C881D405EA3761","483.png","False"
"484.png","8","40","5","8","32","32","C10DCD6C1331C1F36545A5B62B8FDF1823CD69F0A1E28CC3E00914FA26A2CBF6","283.png","True"
"485.png","8","41","6","1","32","32","33932269268FEA8AB7C3FA7AA7637FE1E728D38BD269FD34D8A50D8EFA9DDD77","485.png","False"
"486.png","8","42","6","2","32","32","F0CE12C491CE36D617896E93E897C3769016F1AACE27DF5C5F2ACB37953514F2","486.png","False"
"487.png","8","43","6","3","32","32","F0CE12C491CE36D617896E93E897C3769016F1AACE27DF5C5F2ACB37953514F2","486.png","True"
"488.png","8","44","6","4","32","32","F0CE12C491CE36D617896E93E897C3769016F1AACE27DF5C5F2ACB37953514F2","486.png","True"
"489.png","8","45","6","5","32","32","7F78A6BA6F1CCE134F2E1F4192A55EF140C5A85243B72373F5688594CC406C29","489.png","False"
"490.png","8","46","6","6","32","32","28F4FE1A736D8DCF49F2CEA54202B14539D9D56594494AFC17EEA373BA861D4F","490.png","False"
"491.png","8","47","6","7","32","32","244856726179B6BC12929F2B7ABFAD479B410098983ABA8125158849A7D2BFF9","491.png","False"
"492.png","8","48","6","8","32","32","5772391493D1A488E0DE1AA685CA9D8AEF98AD8D740082895612A5480A459FF2","492.png","False"
"493.png","8","49","7","1","32","32","33D634684A887FE33747DE59A9C33BCDB390A5FACA8E69F7136006FF8AEDE75B","493.png","False"
"494.png","8","50","7","2","32","32","B3F28C0B23484C534F8D474B4C4D0C259904B6328A01A76DC02C3ED8182E4DC1","494.png","False"
"495.png","8","51","7","3","28","32","D6D9F076B96A4C4A2FA40BD87A31E8FFCA75B542A9C5679290C1E31850A2D7E3","254.png","True"
"496.png","8","52","7","4","32","32","0CB83F9C2B99F006D748015BE7EF04AD6DF815E4ABE3270A9942A3E474A7BC90","496.png","False"
"497.png","8","53","7","5","32","32","D043714B0688E0DF01904078C63F99CAB42F879145E920918A7A7BB862CB9471","497.png","False"
"498.png","8","54","7","6","32","32","61F711300DEC4D17C8DB0F133904635144F5F3CBDCFA33A225305E8924D2E2D9","498.png","False"
"499.png","8","55","7","7","32","32","BCDF84181F6C31DE8753131A394BB98B224107F8CF38A9B9E93470FFBE7239F6","499.png","False"
"500.png","8","56","7","8","32","32","FC2A08AC606D978B7BAA9AC4BE287D0428FFD6CFAE511EC61E81DBB1D2639E30","500.png","False"
"501.png","8","57","8","1","32","32","60E6A5AADFD07C9828749B5BE7FE56746932802859E8489AC1F3363A7E8D3B16","501.png","False"
"502.png","8","58","8","2","32","32","64F72E570ABDDF2F0456C8BA5B6C4E55B0F4757E5B146648402E50490137B62F","502.png","False"
"503.png","8","59","8","3","32","32","62EEFE2B376CC8E9C10A779399A00D24F7F5802A989DD169EEDC45CE7FD94998","503.png","False"
"504.png","8","60","8","4","32","32","CCD202ADCB9F03C1592D559D738853E9E793921C6A7305067241FFBBB2C18FD7","504.png","False"
"505.png","8","61","8","5","32","32","178765F1B1B225DDF73F03317C358F39606551324564798307B29C8C6CF70F16","505.png","False"
"506.png","8","62","8","6","28","32","D6D9F076B96A4C4A2FA40BD87A31E8FFCA75B542A9C5679290C1E31850A2D7E3","254.png","True"
"507.png","8","63","8","7","32","32","07E90F6F56FF8663522D06123DD904BBC119765294B5DAD4D53613674E3A361A","507.png","False"
"508.png","8","64","8","8","32","32","76C5299C1AA49952DD1B312A9426BB0F60FD7A85052C54E5543F8135F11A7A34","508.png","False"
"509.png","9","1","1","1","32","32","E13C4E6B1EBB14300021BB72410A3D3EA7292BC9EA967CC2681141BC391D3B41","509.png","False"
"510.png","9","2","1","2","32","32","86AC5B18DD1DEA1A58686DF218E7C0333E731375FC4A3CF5282F0F6F510D6F0F","510.png","False"
"511.png","9","3","1","3","32","32","11A115633ABCD5C76CAD6870F877850431F30A26E0DD3D5B2E7D444F504CD35B","511.png","False"
"512.png","9","4","1","4","32","32","AE94BB6AB7C63D7100242058449844933CC35D739CAD6C5B0EB6B467429B570F","512.png","False"
"513.png","9","5","1","5","32","32","F4A3A0E738B49C51B06D3A2CCE88F695AE7F5FA025478D8E901674360C399FB1","513.png","False"
"514.png","9","6","1","6","28","32","D6D9F076B96A4C4A2FA40BD87A31E8FFCA75B542A9C5679290C1E31850A2D7E3","254.png","True"
"515.png","9","7","1","7","32","32","2C38E708828F13B4E395D9B0CA28679CF3CD3DFA308D34959388216916588562","515.png","False"
"516.png","9","8","1","8","32","32","FD7B74DA7F8C0CAE9C2D9FC6669E94350F4C1519413F1F670A5D6E99F5E68EB1","516.png","False"
"517.png","9","9","2","1","32","32","8BBB04C7F77AC70F05A83630BDA20A2748EC7170393605BD401430F09C68DC9E","517.png","False"
"518.png","9","10","2","2","32","32","2C38E708828F13B4E395D9B0CA28679CF3CD3DFA308D34959388216916588562","515.png","True"
"519.png","9","11","2","3","32","32","6C19E25EAC55AC3F02B69AE32DDD16534B0308B3C9A79C4D02FC899BAE05607E","519.png","False"
"520.png","9","12","2","4","28","32","D6D9F076B96A4C4A2FA40BD87A31E8FFCA75B542A9C5679290C1E31850A2D7E3","254.png","True"
"521.png","9","13","2","5","28","32","D6D9F076B96A4C4A2FA40BD87A31E8FFCA75B542A9C5679290C1E31850A2D7E3","254.png","True"
"522.png","9","14","2","6","32","32","05642B6196B6DD08A1FBADDF80382236BB01638ADF685F0CC6E8AF1DC84E9FB0","522.png","False"
"523.png","9","15","2","7","32","32","AB19EE4CFF928D388969016D156E48E0C561CD788602542F158A7AE93C9E58AE","523.png","False"
"524.png","9","16","2","8","32","32","6E02C55EA4146BD195E1411804229412E6708CDD31C96FE8103FA228A070D703","524.png","False"
"525.png","9","17","3","1","32","32","49279A4EC783A237D8F48345492419786480F1AB8B93E9F92D581990A34734D7","525.png","False"
"526.png","9","18","3","2","32","32","D4180893731EA2F9901FEE243E3553300E2EAA2846083A9E67BB2C62A7803AD2","526.png","False"
"527.png","9","19","3","3","32","32","A028EF63023AA9AE07C5F4FC735D04B6593E1B70522838340BEF377C81B12366","527.png","False"
"528.png","9","20","3","4","32","32","1B8AE4386D7A540248470E83D406667F0DB5701F94D710368AEE2B6A65021A5B","528.png","False"
"529.png","9","21","3","5","32","32","6262EFB0D69E93C77E1255DB76C705BB6FB65DE22D7E0035AA676372C4963606","529.png","False"
"530.png","9","22","3","6","32","32","7670B4EB51DA5DE7F1AF7A3F44BCB37165F2DC35C1D3DE6259C5939B0BA103F2","530.png","False"
"531.png","9","23","3","7","32","32","12E968662991F2FEB9459A1529886FBD03DE24027F7737F8A04989423EC47AEC","531.png","False"
"532.png","9","24","3","8","32","32","D37AD654D735B2F87217AB8C8CE6950C222F3281FCE31DE7BCF66F8165092421","532.png","False"
"533.png","9","25","4","1","32","32","2C38E708828F13B4E395D9B0CA28679CF3CD3DFA308D34959388216916588562","515.png","True"
"534.png","9","26","4","2","32","32","FD7B74DA7F8C0CAE9C2D9FC6669E94350F4C1519413F1F670A5D6E99F5E68EB1","516.png","True"
"535.png","9","27","4","3","32","32","711D4A316552070B69590FF89B44885991190004EF1A1F8E183959F3F3A83E58","535.png","False"
"536.png","9","28","4","4","32","32","9EC9D068843C807E53200E1E26B9E80573F391690EC98B58D7314ED9EE0B10F2","536.png","False"
"537.png","9","29","4","5","32","32","2C38E708828F13B4E395D9B0CA28679CF3CD3DFA308D34959388216916588562","515.png","True"
"538.png","9","30","4","6","32","32","2C38E708828F13B4E395D9B0CA28679CF3CD3DFA308D34959388216916588562","515.png","True"
"539.png","9","31","4","7","32","32","BCD6E0C5907F757815A34CF8956DE6F786C0BE78DA3A37C2E77E09A15099DAA4","539.png","False"
"540.png","9","32","4","8","32","32","3A506974FBC2DF55308C23B18793488DE1E1D58B4858509AF920A1F69F50E5D2","540.png","False"
"541.png","9","33","5","1","32","32","66862AE9A3D1B339667B44FC1253837AD0D6D4FC44B161B91739593FFA443BF0","541.png","False"
"542.png","9","34","5","2","32","32","013E404CA191720DDE4E4DBC47154E1CC1A0678A569B689845D07969C280811C","542.png","False"
"543.png","9","35","5","3","32","32","2E299EB18E60BB9D19C3C6110494867C4D3297335CBA9E81A61AAD91C37A9EE1","543.png","False"
"544.png","9","36","5","4","32","32","CC16ABBD3CA16658579DF2C474BF44EF99DAF397E37BDD6082466BB6F2EBFBF8","544.png","False"
"545.png","9","37","5","5","32","32","4BCA0FF6E36BF3C9E8319ECE72A91069997B553D701F9C79913D7F85C6DC34C6","545.png","False"
"546.png","9","38","5","6","32","32","308734D6A2AF902721470314C6364E9B3E9723A3CFD1491D58A826855615C27C","546.png","False"
"547.png","9","39","5","7","32","32","15C8E06DA9F79D82D4CD8BEDEF99FCE36183DCA18C5949F7EBE0F8C1CFE72EBC","547.png","False"
"548.png","9","40","5","8","32","32","DD159647BF3E55F3E639C28F9D4BC404D4DB416064ACC767B81F3349D379FA40","548.png","False"
"549.png","9","41","6","1","32","32","18A13A94110F885A36C939EDA37869E6D4028C55855EB4B7DA529BC9699440DF","549.png","False"
"550.png","9","42","6","2","32","32","62077B93C5B161978DB5850DEA87EBC36511673ABA4868F49F06C88AFA973085","550.png","False"
"551.png","9","43","6","3","32","32","8A1A0BB6FB2D39E9F121986A437BCF86097FD7A264DA46A08348C873EF94D5BD","551.png","False"
"552.png","9","44","6","4","32","32","DBE134F835AB3422E4E6A32399373377570AA5C738F4C295FCA0CF20502BED15","552.png","False"
"553.png","9","45","6","5","32","32","5C8B755F4DBB0EAB348AC14968C0165A9726CB7686CF82E302CB26A6140E3006","553.png","False"
"554.png","9","46","6","6","32","32","2F300EA2CC33EF567A9EA6D81ADE8AB0D82EEC8268B67D1DA65951F4271ADB29","554.png","False"
"555.png","9","47","6","7","32","32","0FE8098C5E3FD15AAAD24155BFD27F85379F3F336F88CD6D3B15CCBFCCB64DD7","555.png","False"
"556.png","9","48","6","8","32","32","C73C09F4341E4F71EF2F8E34817CF164F90B523757B371883C40C25C3FEAC571","556.png","False"
"557.png","9","49","7","1","32","32","0DF22641E6641AAA29FA570209A2C2B29CA94340035C1598BDD58B81EECA81D7","557.png","False"
"558.png","9","50","7","2","32","32","C9C766629B85CE1EC349DB722DBB244430F9B6F916D45350C823C7A9DB86FAAA","558.png","False"
"559.png","9","51","7","3","32","32","759C53C628CDC183D72370662C2AC37E879A2094D314DAC02650D2656AB26DDB","559.png","False"
"560.png","9","52","7","4","32","32","C9C766629B85CE1EC349DB722DBB244430F9B6F916D45350C823C7A9DB86FAAA","558.png","True"
"561.png","9","53","7","5","32","32","4FDC7C7E571724CD94D73ABF4849EC5A1B419D4CE5B69E676EE2C8E7AFCF481C","561.png","False"
"562.png","9","54","7","6","32","32","0658AD9D0944ED469E41AD638519C2D967A0654D3AE0C4295CF12CBD889F4C7F","562.png","False"
"563.png","9","55","7","7","32","32","759C53C628CDC183D72370662C2AC37E879A2094D314DAC02650D2656AB26DDB","559.png","True"
"564.png","9","56","7","8","32","32","0658AD9D0944ED469E41AD638519C2D967A0654D3AE0C4295CF12CBD889F4C7F","562.png","True"
"565.png","9","57","8","1","32","32","79DB2DD55DA798D14AA4E92A8F3A2AEA4A8BC4C0DEBE42F138B5E4B7E7139311","565.png","False"
"566.png","9","58","8","2","32","32","EEA8C63CEE68EA2B572E9D6CC96EF0E4FD0BF17B9AB9AF1CE6B0F59B0F7FAFD6","566.png","False"
"567.png","9","59","8","3","32","32","E409DB7D1C8250B97232594C7AFD6E8B5F630835397C95744145C97718001EAA","567.png","False"
"568.png","9","60","8","4","32","32","543BC2E955D218FE117BA452F5E49869F885DCF801C0E0FF622EF79D244C47AF","568.png","False"
"569.png","9","61","8","5","32","32","1E89090E33B0B15162245163E4C2F8CC2D133EEB6FC3CDF2AECE48A2C36A77B4","569.png","False"
"570.png","9","62","8","6","32","32","2C38E708828F13B4E395D9B0CA28679CF3CD3DFA308D34959388216916588562","515.png","True"
"571.png","9","63","8","7","32","32","0658AD9D0944ED469E41AD638519C2D967A0654D3AE0C4295CF12CBD889F4C7F","562.png","True"
"572.png","9","64","8","8","32","32","C9C766629B85CE1EC349DB722DBB244430F9B6F916D45350C823C7A9DB86FAAA","558.png","True"
"573.png","10","1","1","1","32","32","51AEDC18C3293243E0AA47091340A0F677BF5D9F473EA66CE15C85EDED072D4C","573.png","False"
"574.png","10","2","1","2","32","32","F9FA0FBB6B6D619E67DAAB155EF9EF56FCC3E25C8FB07E2F367BA5DF649E4508","574.png","False"
"575.png","10","3","1","3","32","32","5CACD32B67834CC075BDCAFFDD0B1E327A840A46C8E623DFA65113D060B3501B","575.png","False"
"576.png","10","4","1","4","32","32","674213D28D2E5C01CB83AF66FDCBB5C4BA0074B8BCE4795DE6A7D45D8683F43C","576.png","False"
"577.png","10","5","1","5","32","32","2C38E708828F13B4E395D9B0CA28679CF3CD3DFA308D34959388216916588562","515.png","True"
"578.png","10","6","1","6","32","32","1A1E20E04A241437473BC7C6522CF621BC86A1F6A313BE4B3E1FAF986FD9E8A5","578.png","False"
"579.png","10","7","1","7","32","32","DE4F576B7161544F9402283B272E7A5CB517BE150A3C9F7BCBB9864012AC9461","579.png","False"
"580.png","10","8","1","8","32","32","64B6EDDFEA0FDBEBD5F29B33648D7EBF2D83354167FB86AC97D66D688154DA54","580.png","False"
"581.png","10","9","2","1","32","32","4D51D63F6FB685C68FEF39CB725E7F9F80CE885F7331DABF1D0FDF7F65224CAD","265.png","True"
"582.png","10","10","2","2","32","32","FD7B74DA7F8C0CAE9C2D9FC6669E94350F4C1519413F1F670A5D6E99F5E68EB1","516.png","True"
"583.png","10","11","2","3","32","32","1A6597497E097207CE228BE53A371BC6DBFAD83B7E6A5E130E3910B91647C3E4","583.png","False"
"584.png","10","12","2","4","32","32","E70BADFD4A506A2895A5AE80ED04630CE9B0B21BF03775CA679B8C4606E8995C","584.png","False"
"585.png","10","13","2","5","32","32","AFDAF6FBED6457ECEEB27651EF55DCF8EB9902F8C5B98924A94B23082EB3462A","585.png","False"
"586.png","10","14","2","6","32","32","BDAE80D00CA7E799D6F75C5969358A196339C36274DFD1E131AB3D7657618575","586.png","False"
"587.png","10","15","2","7","32","32","BEAFB6BB5A9ABB2B02A49BD2AA779614CEA08FA093D518E93D98F9BF3BE11EF6","587.png","False"
"588.png","10","16","2","8","32","32","14DEFD3FD7A2A6009D4B0127F6CD8FDEB93508EADF3967FF7A3B5DF45CC5F90A","588.png","False"
"589.png","10","17","3","1","32","32","4265A4E5D3614AEFEC9F2C8122A3B6A750F6275FF51C9391C20B434CBD114E55","589.png","False"
"590.png","10","18","3","2","32","32","7564D820441EFF070349596CE1E9BD8FB9E3FD4BBF22A3DF6EBB4F2493E0A413","590.png","False"
"591.png","10","19","3","3","32","32","9587CB2493AA89256525CDC894F224E9E1AAD1D98AD63CE06460F491CE16543C","591.png","False"
"592.png","10","20","3","4","32","32","FE4111E9C7032F618F4EE149EE304C5A6B38DFE5412A48AAB6B9278A0D65B0D9","592.png","False"
"593.png","10","21","3","5","32","32","A49C2CFA8D53362F17CC86F8C0488ABEF9757FCEB96058046C22A235F7F46ECC","593.png","False"
"594.png","10","22","3","6","32","32","BF1BDBF33FB04F45ABDEC8E043D3BAD26566D72F5868D4BC446732D17808EE7E","594.png","False"
"595.png","10","23","3","7","32","32","CA4C5C93188959F6E189AB053D972DD893665EE2EA97E160797E04A2671C6C39","595.png","False"
"596.png","10","24","3","8","32","32","687FC0563D70C6572CE937968A73C9F28C629C7D525DD85B58A351F26596C5F6","596.png","False"
"597.png","10","25","4","1","32","32","695575BC01425043626D1536EC889B1F5D2559294630A569C0A0FB27DE4958F3","597.png","False"
"598.png","10","26","4","2","32","32","6CB3F5896C5EFD7EF087F1120561ACE182408A41154BFA0625A2506C6E29AA5C","598.png","False"
"599.png","10","27","4","3","32","32","DD3DDC8D8AA63EB8509FCE7B3C6A25EFFEFD09AB6AACB727AE842D4E8BCDB2E2","599.png","False"
"600.png","10","28","4","4","32","32","C580DE5A47A305E208044E48CD83115F8CBBBEB790EFA61E84817A33E20C06F2","600.png","False"
"601.png","10","29","4","5","32","32","FD7B74DA7F8C0CAE9C2D9FC6669E94350F4C1519413F1F670A5D6E99F5E68EB1","516.png","True"
"602.png","10","30","4","6","32","32","829C022D048A7F5C7BDF7ACA7E27A9E1BA0A81D2A11F1684CCB772885168A8D3","602.png","False"
"603.png","10","31","4","7","32","32","5622E650FFACE451C8AA1936950DF5A1639262C77B71968B3582D16D76A6D4E6","603.png","False"
"604.png","10","32","4","8","32","32","251CC33A1567F9F22068F00C68332A8C1F473345FA27BB65B8958C663E38CC04","604.png","False"
"605.png","10","33","5","1","32","32","B507CC96E8759A503B2E8E3EE481ADC9575924193A4AE469B0C515995207A072","605.png","False"
"606.png","10","34","5","2","32","32","0939E860816FB7EB16F78EE71C271FC88E78CC0EE780D77A8CCA17B6A57969CA","606.png","False"
"607.png","10","35","5","3","32","32","2D851AB4CF2A3F0F083463E6967F6734403295BA06E87403140B25758731A399","403.png","True"
"608.png","10","36","5","4","32","32","6A9D254AA339D2E8C73961BCCA84F9D6E4354E999F148BE2365EB40107DF0D17","608.png","False"
"609.png","10","37","5","5","32","32","3911FC2DED39468FEE8BFBE920A9A38BDF3CC933A884194269A62DC043CB9153","609.png","False"
"610.png","10","38","5","6","32","32","83939A55AB5642C6127066522B95EB72562E0198F475454894940E942A31051A","610.png","False"
"611.png","10","39","5","7","32","32","543BC2E955D218FE117BA452F5E49869F885DCF801C0E0FF622EF79D244C47AF","568.png","True"
"612.png","10","40","5","8","32","32","B0D91D6EC7043E93949AB62374D7BA47C9E55239E1D2A00B64D1FEEA00ED2DF4","476.png","True"
"613.png","10","41","6","1","32","32","8CCC7DF18DE35614158FFE2D70311B2B6256AF22B1517F7CDA3236E30CB53A4A","613.png","False"
"614.png","10","42","6","2","32","32","884A8014CF157DD1EAAB93E667B098E8C857830FEFC36495D10DA37D7E01D75B","614.png","False"
"615.png","10","43","6","3","32","32","2805135DB71E90B0B301F85986B0F571AB15AD461C6FF8E41E15016F3F643A66","615.png","False"
"616.png","10","44","6","4","32","32","1A1E20E04A241437473BC7C6522CF621BC86A1F6A313BE4B3E1FAF986FD9E8A5","578.png","True"
"617.png","10","45","6","5","32","32","2C38E708828F13B4E395D9B0CA28679CF3CD3DFA308D34959388216916588562","515.png","True"
"618.png","10","46","6","6","32","32","5A945A84D1AD6CE2E71675ABB0C10CA8766F51B0177A5405594DDF0FF6EBB0FB","618.png","False"
"619.png","10","47","6","7","32","32","B872B9360DEBF159DD251558868A77F2BACFA07109C8B0B5895E76ECED774C3E","619.png","False"
"620.png","10","48","6","8","32","32","7F8E0EA875274ABE99088A3F1249B10FDC892438CB9EEEC5EA62F7133219A59A","620.png","False"
"621.png","10","49","7","1","32","32","057EAE83726D78BB416F380AC5D48D19E0C5ED8460A3BE7F2B7412770EA2FE16","621.png","False"
"622.png","10","50","7","2","32","32","C10DCD6C1331C1F36545A5B62B8FDF1823CD69F0A1E28CC3E00914FA26A2CBF6","283.png","True"
"623.png","10","51","7","3","32","32","B9A76028C5B30A7B91CEE0605F77FA70A2D2AD8E27050DD712B13BF6E9816CFE","623.png","False"
"624.png","10","52","7","4","32","32","BDC1A8C52175E0CDF2AD7576E1E7B818ECCB732AEC1AFF5B85DAF5156E85168C","624.png","False"
"625.png","10","53","7","5","32","32","3B23E7CB5CB8151E0EE51277C62C38CE041D490C04AF6F23579C4FC27035760D","625.png","False"
"626.png","10","54","7","6","32","32","C4DE26C8F6067A9AF88F658331BB19D80B80C6F5AFCF921C69383BBE82EFFCF7","626.png","False"
"627.png","10","55","7","7","32","32","B151C2D0F4931A0C99BEE7CA207EC5F0438DA5A0435692FBA293E0A62FF7F1E3","627.png","False"
"628.png","10","56","7","8","32","32","D119842DB8BF786E0103F41D2C7A67F6A80F4E74098513C5210BFBB97C232B4D","628.png","False"
"629.png","10","57","8","1","32","32","F4B80086D7050808B60158E9EC8D9D80A36C063220D094C0372BF1B2B2513A24","474.png","True"
"630.png","10","58","8","2","32","32","EAEA7C85A36313519BF1FAF880E54ED37E9A5672C0805AC6DA3D795A7DFBB6D7","630.png","False"
"631.png","10","59","8","3","32","32","43C39FAA7BF1269B2A2FAC57600DEEC7F730D1B608FDBFA07D1376F634DA1037","631.png","False"
"632.png","10","60","8","4","32","32","23484B76C10069229A90446FFCB114D64047C24B15121E2497AC9E95A0CFF061","632.png","False"
"633.png","10","61","8","5","32","32","23484B76C10069229A90446FFCB114D64047C24B15121E2497AC9E95A0CFF061","632.png","True"
"634.png","10","62","8","6","32","32","23484B76C10069229A90446FFCB114D64047C24B15121E2497AC9E95A0CFF061","632.png","True"
"635.png","10","63","8","7","32","32","23484B76C10069229A90446FFCB114D64047C24B15121E2497AC9E95A0CFF061","632.png","True"
"636.png","10","64","8","8","32","32","23484B76C10069229A90446FFCB114D64047C24B15121E2497AC9E95A0CFF061","632.png","True"
"637.png","11","1","1","1","32","32","23484B76C10069229A90446FFCB114D64047C24B15121E2497AC9E95A0CFF061","632.png","True"
"638.png","11","2","1","2","32","32","23484B76C10069229A90446FFCB114D64047C24B15121E2497AC9E95A0CFF061","632.png","True"
"639.png","11","3","1","3","32","32","23484B76C10069229A90446FFCB114D64047C24B15121E2497AC9E95A0CFF061","632.png","True"
"700.png","11","4","1","4","32","32","B01DBD4003A4F9A797FB2BDB11AF8BB7F315504F83FB36B7412CB4290BC1702B","700.png","False"
